HIERARCHY
ROOT Hips
{
  OFFSET 0.0000 0.0000 0.0000
  CHANNELS 6 Xposition Yposition Zposition Zrotation Xrotation Yrotation
  JOINT Spine
  {
    OFFSET 0.0000 12.0000 0.0000
    CHANNELS 3 Zrotation Xrotation Yrotation
    JOINT Spine1
    {
      OFFSET 0.0000 12.0000 0.0000
      CHANNELS 3 Zrotation Xrotation Yrotation
      JOINT Neck
      {
        OFFSET 0.0000 6.0000 0.0000
        CHANNELS 3 Zrotation Xrotation Yrotation
        JOINT Head
        {
          OFFSET 0.0000 8.0000 0.0000
          CHANNELS 3 Zrotation Xrotation Yrotation
          End Site
          {
            OFFSET 0.0000 10.0000 0.0000
          }
        }
      }
      JOINT LeftArm
      {
        OFFSET 15.0000 0.0000 0.0000
        CHANNELS 3 Zrotation Xrotation Yrotation
        JOINT LeftForeArm
        {
          OFFSET 25.0000 0.0000 0.0000
          CHANNELS 3 Zrotation Xrotation Yrotation
          JOINT LeftHand
          {
            OFFSET 22.0000 0.0000 0.0000
            CHANNELS 3 Zrotation Xrotation Yrotation
            End Site
            {
              OFFSET 10.0000 0.0000 0.0000
            }
          }
        }
      }
      JOINT RightArm
      {
        OFFSET -15.0000 0.0000 0.0000
        CHANNELS 3 Zrotation Xrotation Yrotation
        JOINT RightForeArm
        {
          OFFSET -25.0000 0.0000 0.0000
          CHANNELS 3 Zrotation Xrotation Yrotation
          JOINT RightHand
          {
            OFFSET -22.0000 0.0000 0.0000
            CHANNELS 3 Zrotation Xrotation Yrotation
            End Site
            {
              OFFSET -10.0000 0.0000 0.0000
            }
          }
        }
      }
    }
  }
  JOINT LeftUpLeg
  {
    OFFSET 10.0000 0.0000 0.0000
    CHANNELS 3 Zrotation Xrotation Yrotation
    JOINT LeftLeg
    {
      OFFSET 0.0000 -43.0000 0.0000
      CHANNELS 3 Zrotation Xrotation Yrotation
      JOINT LeftFoot
      {
        OFFSET 0.0000 -40.0000 0.0000
        CHANNELS 3 Zrotation Xrotation Yrotation
        End Site
        {
          OFFSET 0.0000 -5.0000 5.0000
        }
      }
    }
  }
  JOINT RightUpLeg
  {
    OFFSET -10.0000 0.0000 0.0000
    CHANNELS 3 Zrotation Xrotation Yrotation
    JOINT RightLeg
    {
      OFFSET 0.0000 -43.0000 0.0000
      CHANNELS 3 Zrotation Xrotation Yrotation
      JOINT RightFoot
      {
        OFFSET 0.0000 -40.0000 0.0000
        CHANNELS 3 Zrotation Xrotation Yrotation
        End Site
        {
          OFFSET 0.0000 -5.0000 5.0000
        }
      }
    }
  }
}
MOTION
Frames: 264
Frame Time: 0.033333
0.4810 30.1082 0.0368 -84.9237 20.8030 29.0208 -0.0000 0.0000 0.0000 -0.0000 0.0000 0.0000 2.3566 39.3344 -0.8424 -0.0000 0.0000 0.0000 78.6178 -10.8317 -13.2102 25.6659 33.7027 106.1086 -0.0000 0.0000 0.0000 -106.6580 -2.4079 1.7930 -57.4983 2.7536 -5.0170 -0.0000 0.0000 0.0000 3.8790 -11.0910 0.3768 21.2893 17.1676 -3.2502 -0.0000 0.0000 0.0000 6.8743 -14.8740 0.8984 8.6660 43.0901 -3.4270 -0.0000 0.0000 0.0000
0.4546 30.0749 0.0303 -86.1026 17.6015 26.0003 -0.0000 0.0000 0.0000 -0.0000 0.0000 0.0000 2.8959 31.8463 -0.8263 -0.0000 0.0000 0.0000 65.5958 -29.2408 -44.0772 59.5033 -65.3974 -96.6376 -0.0000 0.0000 0.0000 -118.9246 2.1950 -1.2950 -126.4702 -29.6698 15.2180 -0.0000 0.0000 0.0000 1.6512 -15.8553 0.2300 19.4348 26.0386 -4.5350 -0.0000 0.0000 0.0000 10.2682 -17.1389 1.5514 -4.4358 46.9563 1.9275 -0.0000 0.0000 0.0000
0.4248 30.0414 0.0229 -87.6301 16.1504 22.7636 -0.0000 0.0000 0.0000 -0.0000 0.0000 0.0000 4.0253 26.5134 -0.9487 -0.0000 0.0000 0.0000 42.6311 -30.7790 -70.3991 -8.8867 16.3994 -123.3268 -0.0000 0.0000 0.0000 -136.5776 14.5002 -5.7997 -139.3710 -23.9736 8.9883 -0.0000 0.0000 0.0000 0.5959 -20.0385 0.1053 20.3563 37.2457 -6.9243 -0.0000 0.0000 0.0000 15.1904 -18.9346 2.5476 -19.8766 53.4173 10.0761 -0.0000 0.0000 0.0000
0.3916 30.0076 0.0146 -89.5872 16.4386 19.4037 -0.0000 0.0000 0.0000 -0.0000 0.0000 0.0000 5.3802 22.9975 -1.0953 -0.0000 0.0000 0.0000 28.9675 -25.3069 -81.9890 -42.5903 42.3487 -89.6421 -0.0000 0.0000 0.0000 -152.8175 37.0018 -9.2500 -134.4301 13.2141 -5.5710 -0.0000 0.0000 0.0000 0.3790 -23.9759 0.0805 28.1183 54.8459 -14.8065 -0.0000 0.0000 0.0000 22.6663 -19.5528 3.9557 -49.3652 61.3894 30.5203 -0.0000 0.0000 0.0000
0.3404 29.9609 -0.0002 -92.5275 19.0331 11.7143 -0.0000 0.0000 0.0000 -0.0000 0.0000 0.0000 6.4941 21.4045 -1.2286 -0.0000 0.0000 0.0000 12.0161 -11.0506 -85.1739 -92.6156 33.0894 -31.6881 -0.0000 0.0000 0.0000 149.4947 -79.5875 -25.5939 31.2811 35.3702 97.4308 -0.0000 0.0000 0.0000 0.8280 -28.9286 0.2136 49.8043 79.0934 -41.9454 -0.0000 0.0000 0.0000 28.6400 -18.2520 4.6963 -88.7060 61.2235 60.0955 -0.0000 0.0000 0.0000
0.3071 29.9197 -0.0094 -96.2721 20.8585 10.8589 -0.0000 0.0000 0.0000 -0.0000 0.0000 0.0000 9.3649 16.3247 -1.3462 -0.0000 0.0000 0.0000 21.0390 -19.4609 -85.4431 -147.9742 10.1557 -2.9216 -0.0000 0.0000 0.0000 16.5795 -80.8119 -160.5745 39.4368 21.2345 55.2206 -0.0000 0.0000 0.0000 -0.2453 -32.8059 -0.0722 170.9421 51.2182 -161.2327 -0.0000 0.0000 0.0000 63.6706 2.1710 -1.3480 -127.9330 31.4216 59.8732 -0.0000 0.0000 0.0000
0.2898 29.9191 -0.0102 -98.1601 19.9601 28.4945 -0.0000 0.0000 0.0000 -0.0000 0.0000 0.0000 12.5675 12.4557 -1.3769 -0.0000 0.0000 0.0000 101.2741 -34.3312 -28.4382 -13.5234 -40.3486 144.2306 -0.0000 0.0000 0.0000 -157.3278 -11.4856 2.3100 -2.3647 0.8322 -38.7740 -0.0000 0.0000 0.0000 -154.4326 10.8426 45.3960 166.6746 26.3708 -126.9977 -0.0000 0.0000 0.0000 130.1448 25.6809 -52.2493 -117.8006 -2.9311 -4.8571 -0.0000 0.0000 0.0000
0.2808 29.9186 0.0011 -101.4747 20.2167 98.0234 -0.0000 0.0000 0.0000 -0.0000 0.0000 0.0000 16.3666 -8.3946 1.2093 -0.0000 0.0000 0.0000 113.2354 -13.7481 -9.0837 -102.9386 11.1502 -8.8892 -0.0000 0.0000 0.0000 -123.7228 -35.6545 19.5178 -22.4426 1.5954 -8.0289 -0.0000 0.0000 0.0000 175.9233 -9.2434 132.4750 151.1731 33.2927 -98.6373 -0.0000 0.0000 0.0000 127.0983 0.9392 -1.8877 -70.2080 -9.5715 -6.7359 -0.0000 0.0000 0.0000
0.2734 29.9171 0.0056 -102.8205 14.6804 106.2905 -0.0000 0.0000 0.0000 -0.0000 0.0000 0.0000 15.1594 -13.9568 1.8663 -0.0000 0.0000 0.0000 108.7714 -11.1823 -8.0223 -64.6187 6.6274 -10.4623 -0.0000 0.0000 0.0000 -128.8403 1.4090 -0.6745 -5.8058 0.8543 -16.7284 -0.0000 0.0000 0.0000 -162.1189 -1.8658 -11.8188 -159.3416 -13.1513 -64.6247 -0.0000 0.0000 0.0000 127.4516 1.4396 -2.9157 -111.5589 -14.5095 -21.2031 -0.0000 0.0000 0.0000
0.2719 29.9035 0.0033 -101.9432 8.6055 51.0919 -0.0000 0.0000 0.0000 -0.0000 0.0000 0.0000 28.8170 5.0679 -1.3028 -0.0000 0.0000 0.0000 104.5164 -19.4471 -15.1111 -20.0115 -4.6656 26.0035 -0.0000 0.0000 0.0000 -105.7762 20.1232 -15.2927 142.0548 41.1271 14.6981 -0.0000 0.0000 0.0000 -41.5349 -10.6294 -4.0407 135.1463 5.5371 -13.3656 -0.0000 0.0000 0.0000 47.9334 -15.8213 7.0691 -143.0489 43.2437 99.7413 -0.0000 0.0000 0.0000
0.2773 29.8632 0.0066 -105.1549 10.8033 18.9851 -0.0000 0.0000 0.0000 -0.0000 0.0000 0.0000 29.3518 27.7937 -7.4149 -0.0000 0.0000 0.0000 82.5510 -23.6082 -26.7842 5.0898 0.2430 5.4631 -0.0000 0.0000 0.0000 -57.0543 -22.2813 39.8297 112.8347 39.6260 26.9060 -0.0000 0.0000 0.0000 -6.9454 -23.3798 -1.4387 27.8975 15.6481 -3.9095 -0.0000 0.0000 0.0000 12.8921 -30.2715 3.5009 -19.1004 57.5632 10.5608 -0.0000 0.0000 0.0000
0.2702 29.8919 -0.0116 -98.5141 17.1957 16.0397 -0.0000 0.0000 0.0000 -0.0000 0.0000 0.0000 36.3636 34.4299 -11.6209 -0.0000 0.0000 0.0000 73.2744 -23.6662 -31.4680 -7.4953 0.0485 -0.7402 -0.0000 0.0000 0.0000 9.5624 9.6252 90.3770 -8.3395 5.9230 -70.7200 -0.0000 0.0000 0.0000 -5.3812 -32.8129 -1.5855 15.7260 20.9585 -2.9265 -0.0000 0.0000 0.0000 7.7033 -31.1885 2.1530 -10.4138 39.2182 3.7190 -0.0000 0.0000 0.0000
0.2542 29.9963 -0.0548 -78.9929 23.0869 20.3088 -0.0000 0.0000 0.0000 -0.0000 0.0000 0.0000 44.6126 31.0708 -13.0127 -0.0000 0.0000 0.0000 63.6986 -24.0350 -37.8305 -19.4172 1.6414 -9.5720 -0.0000 0.0000 0.0000 20.9220 21.4097 91.3506 -91.8694 23.0886 -22.3663 -0.0000 0.0000 0.0000 -13.4155 -42.9409 -5.2970 51.2517 62.4560 -32.4311 -0.0000 0.0000 0.0000 4.7909 -39.6922 1.7300 -37.2982 64.3607 23.9794 -0.0000 0.0000 0.0000
0.2355 30.1350 -0.1168 -52.7914 23.3165 22.5874 -0.0000 0.0000 0.0000 -0.0000 0.0000 0.0000 39.6989 25.0890 -9.1849 -0.0000 0.0000 0.0000 48.8903 -22.5274 -47.3193 -23.7000 8.3097 -38.1930 -0.0000 0.0000 0.0000 27.4007 19.0905 69.1941 -87.3575 -27.5358 28.7831 -0.0000 0.0000 0.0000 -2.2329 -38.9548 -0.7898 82.8880 77.7833 -70.9220 -0.0000 0.0000 0.0000 10.1577 -29.9053 2.7194 -73.1863 62.2348 48.2838 -0.0000 0.0000 0.0000
0.2023 30.2806 -0.1743 -31.6151 17.8370 22.3823 -0.0000 0.0000 0.0000 -0.0000 0.0000 0.0000 27.3571 25.5621 -6.3201 -0.0000 0.0000 0.0000 36.2170 -16.2383 -47.1390 -42.7367 32.4562 -73.2913 -0.0000 0.0000 0.0000 15.6959 7.0714 48.2906 -28.1896 -24.9317 82.7247 -0.0000 0.0000 0.0000 8.0983 -24.3592 1.7507 18.9293 60.4685 -11.0989 -0.0000 0.0000 0.0000 8.0509 -20.3164 1.4448 -36.8019 68.0422 25.3139 -0.0000 0.0000 0.0000
0.1733 30.3934 -0.2014 -20.3862 14.2421 22.6604 -0.0000 0.0000 0.0000 -0.0000 0.0000 0.0000 21.0961 27.4265 -5.2032 -0.0000 0.0000 0.0000 33.2153 -12.7820 -41.1665 -54.2795 51.0285 -85.9129 -0.0000 0.0000 0.0000 0.7910 0.2419 34.0034 -7.1146 -7.4681 92.7846 -0.0000 0.0000 0.0000 10.1969 -16.9132 1.5200 10.7513 34.2243 -3.3188 -0.0000 0.0000 0.0000 9.8589 -17.3336 1.5064 -2.1984 58.2969 1.2262 -0.0000 0.0000 0.0000
0.1634 30.4217 -0.1677 -18.0190 13.1660 22.9946 -0.0000 0.0000 0.0000 -0.0000 0.0000 0.0000 26.7192 29.6420 -7.1915 -0.0000 0.0000 0.0000 19.9214 -10.9763 -57.3655 -84.9856 54.6446 -58.8413 -0.0000 0.0000 0.0000 2.7932 0.8431 33.5877 -1.8316 -1.8171 89.5430 -0.0000 0.0000 0.0000 3.6534 -14.5244 0.4657 11.3659 21.1027 -2.1238 -0.0000 0.0000 0.0000 11.2767 -20.8686 2.0831 10.0346 56.4292 -5.3936 -0.0000 0.0000 0.0000
0.1496 30.4610 -0.1222 -13.9734 13.8394 20.8312 -0.0000 0.0000 0.0000 -0.0000 0.0000 0.0000 29.4521 30.2559 -8.1286 -0.0000 0.0000 0.0000 15.2775 -10.8026 -70.3666 -100.5392 51.0222 -43.2683 -0.0000 0.0000 0.0000 -1.3421 -0.4198 34.7384 4.2854 4.4702 92.4210 -0.0000 0.0000 0.0000 -2.3123 -17.5465 -0.3569 14.9432 23.8754 -3.1765 -0.0000 0.0000 0.0000 11.2720 -18.8462 1.8766 -3.4875 52.7573 1.7300 -0.0000 0.0000 0.0000
0.1563 30.4620 -0.0823 -10.0546 8.7679 14.7037 -0.0000 0.0000 0.0000 -0.0000 0.0000 0.0000 30.1667 31.7152 -8.7556 -0.0000 0.0000 0.0000 7.5185 -6.4835 -81.5242 -107.6166 42.3983 -31.6860 -0.0000 0.0000 0.0000 6.2562 1.8819 33.4545 28.7850 34.1271 100.2063 -0.0000 0.0000 0.0000 -3.9157 -16.8952 -0.5818 15.6812 31.3274 -4.4225 -0.0000 0.0000 0.0000 11.3055 -15.0944 1.5027 -11.8725 50.4593 5.6099 -0.0000 0.0000 0.0000
0.1515 30.4356 -0.0627 -7.0820 8.0486 4.6666 -0.0000 0.0000 0.0000 -0.0000 0.0000 0.0000 21.1626 29.7915 -5.6895 -0.0000 0.0000 0.0000 10.6140 -10.1367 -87.3507 -54.5135 38.6888 -68.5439 -0.0000 0.0000 0.0000 -85.7793 -25.6731 27.5652 22.7195 43.5300 126.5781 -0.0000 0.0000 0.0000 -8.0123 -21.2208 -1.5033 14.8974 37.8442 -5.1325 -0.0000 0.0000 0.0000 11.1639 -13.0475 1.2806 -23.3634 43.2790 9.3785 -0.0000 0.0000 0.0000
0.1217 30.4020 -0.0735 -4.5348 18.5940 -6.3744 -0.0000 0.0000 0.0000 -0.0000 0.0000 0.0000 11.4307 34.0623 -3.5121 -0.0000 0.0000 0.0000 -3.3876 3.1717 -86.2276 -40.9419 21.8586 -54.7023 -0.0000 0.0000 0.0000 73.9095 50.0481 63.6398 -114.3208 -9.6626 6.2452 -0.0000 0.0000 0.0000 -10.4766 -36.1254 -3.4253 17.9029 50.9772 -8.5889 -0.0000 0.0000 0.0000 14.6296 -21.6623 2.8137 -31.4396 36.4899 10.6019 -0.0000 0.0000 0.0000
0.0768 30.3725 -0.0712 -3.1477 42.5453 -14.2406 -0.0000 0.0000 0.0000 -0.0000 0.0000 0.0000 -0.4241 29.5459 0.1118 -0.0000 0.0000 0.0000 6.0894 -4.8368 -76.9010 -3.5555 1.6958 -50.9865 -0.0000 0.0000 0.0000 18.7959 27.7833 112.4172 -51.7696 4.7433 -9.7570 -0.0000 0.0000 0.0000 -12.4577 -60.1838 -7.2381 49.4015 71.7432 -36.7954 -0.0000 0.0000 0.0000 22.0932 -34.4195 6.9208 -27.5004 34.7675 8.7616 -0.0000 0.0000 0.0000
0.0402 30.3555 -0.0464 -2.0804 68.0983 -16.3645 -0.0000 0.0000 0.0000 -0.0000 0.0000 0.0000 -0.0511 13.4914 0.0060 -0.0000 0.0000 0.0000 33.6832 -20.4763 -61.6458 2.7513 -0.8508 -34.3612 -0.0000 0.0000 0.0000 -21.6024 -32.3617 113.3505 -18.9331 8.3844 -47.4595 -0.0000 0.0000 0.0000 -50.5864 -82.4721 -45.0000 137.7867 69.0167 -121.3751 -0.0000 0.0000 0.0000 23.9523 -43.3112 9.6285 -9.2250 32.6565 2.7079 -0.0000 0.0000 0.0000
0.0159 30.3585 -0.0263 -8.9618 75.9839 -9.2577 -0.0000 0.0000 0.0000 -0.0000 0.0000 0.0000 1.0419 7.9937 -0.0728 -0.0000 0.0000 0.0000 48.2317 -20.7421 -44.4720 4.9517 -1.5590 -34.9339 -0.0000 0.0000 0.0000 -72.7999 -46.1584 60.0523 1.2844 -0.5790 -48.5274 -0.0000 0.0000 0.0000 -64.3392 -83.7608 -58.8437 138.6405 67.5050 -121.0790 -0.0000 0.0000 0.0000 17.2209 -38.9836 6.1359 6.9151 21.2444 -1.2984 -0.0000 0.0000 0.0000
0.0152 30.3555 -0.0231 -11.6322 65.5931 -7.3912 -0.0000 0.0000 0.0000 -0.0000 0.0000 0.0000 3.9813 11.7283 -0.4091 -0.0000 0.0000 0.0000 40.1933 -16.9937 -44.4218 -4.7714 2.3625 -52.6628 -0.0000 0.0000 0.0000 -71.0753 -46.3592 61.8813 4.6023 -2.6138 -59.1691 -0.0000 0.0000 0.0000 -9.7072 -72.8020 -7.1649 123.1816 75.9087 -110.5200 -0.0000 0.0000 0.0000 10.3743 -26.4438 2.4438 10.9720 20.1192 -1.9522 -0.0000 0.0000 0.0000
0.0186 30.3521 -0.0357 -10.9214 45.4766 -11.2641 -0.0000 0.0000 0.0000 -0.0000 0.0000 0.0000 6.4683 15.5302 -0.8829 -0.0000 0.0000 0.0000 35.2834 -14.4997 -43.6046 -6.4878 4.3287 -67.3915 -0.0000 0.0000 0.0000 -81.4063 -44.1391 50.4703 17.0382 -8.4213 -52.3482 -0.0000 0.0000 0.0000 -3.0507 -46.2099 -1.3018 37.3693 78.0309 -30.6466 -0.0000 0.0000 0.0000 7.0788 -12.0364 0.7472 2.3975 22.6654 -0.4806 -0.0000 0.0000 0.0000
0.0237 30.3509 -0.0711 -10.7518 37.1420 -17.0420 -0.0000 0.0000 0.0000 -0.0000 0.0000 0.0000 7.1981 18.5472 -1.1768 -0.0000 0.0000 0.0000 33.7575 -11.2598 -35.9970 -0.1260 0.1078 -81.0878 -0.0000 0.0000 0.0000 -61.5122 -47.0442 72.3670 12.2696 -6.5041 -55.7253 -0.0000 0.0000 0.0000 -0.9486 -36.5347 -0.3131 9.8112 65.3752 -6.3047 -0.0000 0.0000 0.0000 9.3972 -8.7615 0.7215 -8.6955 21.0560 1.6190 -0.0000 0.0000 0.0000
0.0235 30.3492 -0.0940 -9.6954 32.1605 -23.4420 -0.0000 0.0000 0.0000 -0.0000 0.0000 0.0000 4.4581 22.9853 -0.9069 -0.0000 0.0000 0.0000 35.9758 -9.0385 -27.3632 8.5901 -8.3107 -88.0985 -0.0000 0.0000 0.0000 -29.7819 -40.5921 108.5676 -0.6484 0.3604 -58.1381 -0.0000 0.0000 0.0000 0.7101 -29.6491 0.1880 2.4424 58.1347 -1.3577 -0.0000 0.0000 0.0000 7.8629 -3.8913 0.2675 -10.2305 17.5553 1.5838 -0.0000 0.0000 0.0000
0.0252 30.3463 -0.1022 -8.0926 31.1399 -27.2525 -0.0000 0.0000 0.0000 -0.0000 0.0000 0.0000 2.6070 23.6278 -0.5454 -0.0000 0.0000 0.0000 37.1512 -8.7360 -25.6104 6.3399 -7.1433 -96.8352 -0.0000 0.0000 0.0000 -11.4714 -25.4492 132.0403 -10.1807 6.7968 -67.3779 -0.0000 0.0000 0.0000 7.0639 -30.5400 1.9308 -10.2307 63.5587 6.3486 -0.0000 0.0000 0.0000 5.2292 -1.5515 0.0709 -10.0936 15.2263 1.3526 -0.0000 0.0000 0.0000
0.0264 30.3445 -0.0940 -5.5545 30.3598 -31.1088 -0.0000 0.0000 0.0000 -0.0000 0.0000 0.0000 2.2894 22.8628 -0.4630 -0.0000 0.0000 0.0000 38.8316 -8.6907 -24.3318 6.6921 -8.3689 -102.7422 -0.0000 0.0000 0.0000 -3.3859 -10.7070 144.9888 -6.9761 6.1361 -82.6529 -0.0000 0.0000 0.0000 11.7094 -30.6487 3.2191 -20.2682 59.7929 11.7350 -0.0000 0.0000 0.0000 0.8610 0.5883 -0.0044 -5.7045 10.6030 0.5298 -0.0000 0.0000 0.0000
0.0359 30.3443 -0.0811 -2.9048 27.4175 -33.4630 -0.0000 0.0000 0.0000 -0.0000 0.0000 0.0000 2.0612 23.5873 -0.4304 -0.0000 0.0000 0.0000 36.1333 -9.1352 -27.5220 1.0523 -1.5823 -112.7536 -0.0000 0.0000 0.0000 8.1114 30.7107 151.0447 -36.6432 33.9632 -85.3654 -0.0000 0.0000 0.0000 12.5866 -30.3843 3.4306 -25.8057 52.5507 12.9051 -0.0000 0.0000 0.0000 -1.3849 -1.0086 -0.0122 -4.0874 13.7556 0.4932 -0.0000 0.0000 0.0000
0.0458 30.3464 -0.0650 -0.8590 22.4185 -34.7241 -0.0000 0.0000 0.0000 -0.0000 0.0000 0.0000 2.4435 27.3066 -0.5936 -0.0000 0.0000 0.0000 29.4851 -8.9954 -33.2864 -6.0028 10.3162 -119.7002 -0.0000 0.0000 0.0000 146.8354 53.3510 17.0174 -113.9046 -25.8739 16.9996 -0.0000 0.0000 0.0000 7.0859 -25.8985 1.6313 -24.4012 41.7876 9.4369 -0.0000 0.0000 0.0000 -4.9603 -2.8473 -0.1234 -2.7991 19.9655 0.4928 -0.0000 0.0000 0.0000
0.0552 30.3526 -0.0620 0.2380 16.4353 -34.8427 -0.0000 0.0000 0.0000 -0.0000 0.0000 0.0000 3.1601 31.8888 -0.9030 -0.0000 0.0000 0.0000 23.7013 -8.3376 -38.3105 -11.2315 19.7848 -121.1682 -0.0000 0.0000 0.0000 156.1605 -6.7253 -1.4212 -11.4786 -21.7606 124.7906 -0.0000 0.0000 0.0000 -0.0630 -22.0653 -0.0123 -23.2877 37.2239 7.9396 -0.0000 0.0000 0.0000 -6.7098 -6.6732 -0.3916 -8.4339 33.2716 2.5241 -0.0000 0.0000 0.0000
0.0619 30.3607 -0.0710 1.0708 10.8230 -33.8870 -0.0000 0.0000 0.0000 -0.0000 0.0000 0.0000 3.9492 35.1160 -1.2500 -0.0000 0.0000 0.0000 20.4056 -7.9015 -41.9862 -14.8290 24.6962 -118.5411 -0.0000 0.0000 0.0000 160.5200 -19.0101 -3.2925 -0.6170 -1.4015 132.4763 -0.0000 0.0000 0.0000 -5.4447 -19.5316 -0.9378 -17.9997 35.5164 5.8075 -0.0000 0.0000 0.0000 -6.3847 -11.8306 -0.6622 -13.9287 40.5746 5.1709 -0.0000 0.0000 0.0000
0.0570 30.3638 -0.0976 2.0112 8.2056 -29.8664 -0.0000 0.0000 0.0000 -0.0000 0.0000 0.0000 5.2045 35.5773 -1.6709 -0.0000 0.0000 0.0000 19.4165 -8.8055 -48.4595 -15.4898 23.7104 -114.1221 -0.0000 0.0000 0.0000 38.0101 71.9832 129.2586 -107.7871 38.8551 -28.8532 -0.0000 0.0000 0.0000 -9.2546 -17.5163 -1.4288 -10.8986 38.8321 3.8516 -0.0000 0.0000 0.0000 -5.2888 -15.7058 -0.7300 -18.6988 45.3658 7.8730 -0.0000 0.0000 0.0000
0.0471 30.3629 -0.1267 2.7671 8.7572 -26.5151 -0.0000 0.0000 0.0000 -0.0000 0.0000 0.0000 6.7385 33.8465 -2.0524 -0.0000 0.0000 0.0000 21.4144 -10.4672 -51.6944 -12.8378 18.3212 -110.1969 -0.0000 0.0000 0.0000 7.2043 22.9232 145.5024 -19.0098 23.0449 -101.2075 -0.0000 0.0000 0.0000 -10.2794 -16.1878 -1.4657 -4.6547 38.2223 1.6136 -0.0000 0.0000 0.0000 -4.2441 -16.9820 -0.6339 -19.0798 44.9851 7.9612 -0.0000 0.0000 0.0000
0.0373 30.3620 -0.1532 3.2409 9.1734 -22.9815 -0.0000 0.0000 0.0000 -0.0000 0.0000 0.0000 8.3773 32.1640 -2.4191 -0.0000 0.0000 0.0000 22.6868 -11.8557 -54.7307 -11.4919 15.7794 -108.0324 -0.0000 0.0000 0.0000 5.2765 11.3321 130.1768 -14.0004 12.6507 -84.1490 -0.0000 0.0000 0.0000 -10.0422 -14.9877 -1.3243 -0.3822 36.9692 0.1278 -0.0000 0.0000 0.0000 -2.2120 -17.8913 -0.3482 -19.7845 43.7974 8.0196 -0.0000 0.0000 0.0000
0.0270 30.3603 -0.1697 3.6724 9.3592 -20.2348 -0.0000 0.0000 0.0000 -0.0000 0.0000 0.0000 9.8890 31.8477 -2.8279 -0.0000 0.0000 0.0000 21.5314 -11.9271 -57.5680 -10.7283 14.1762 -105.8853 -0.0000 0.0000 0.0000 2.6216 4.1786 115.8064 -8.8281 5.3189 -62.0737 -0.0000 0.0000 0.0000 -9.7362 -14.4898 -1.2407 2.6325 36.5627 -0.8698 -0.0000 0.0000 0.0000 -2.5018 -15.5426 -0.3415 -17.3586 40.9522 6.5248 -0.0000 0.0000 0.0000
0.0195 30.3601 -0.1780 3.8542 9.3820 -18.1103 -0.0000 0.0000 0.0000 -0.0000 0.0000 0.0000 11.1339 31.5838 -3.1580 -0.0000 0.0000 0.0000 20.3247 -11.9458 -60.5430 -10.8995 14.1820 -105.0287 -0.0000 0.0000 0.0000 -1.0332 -1.2740 101.9148 -0.3861 0.1131 -32.6399 -0.0000 0.0000 0.0000 -9.3205 -14.3193 -1.1733 4.7666 37.3187 -1.6105 -0.0000 0.0000 0.0000 -2.4412 -13.1554 -0.2815 -16.3626 39.0104 5.8306 -0.0000 0.0000 0.0000
0.0165 30.3629 -0.1783 4.0013 9.1858 -17.5906 -0.0000 0.0000 0.0000 -0.0000 0.0000 0.0000 11.6422 31.5749 -3.3021 -0.0000 0.0000 0.0000 18.7925 -11.5056 -62.6654 -11.7224 14.9580 -103.9518 -0.0000 0.0000 0.0000 -2.2717 -2.5426 96.4434 3.5082 -0.6313 -20.3977 -0.0000 0.0000 0.0000 -9.3730 -16.3484 -1.3493 6.7468 39.1672 -2.4027 -0.0000 0.0000 0.0000 -2.1122 -14.8393 -0.2751 -17.0610 40.6315 6.3569 -0.0000 0.0000 0.0000
0.0141 30.3638 -0.1781 4.0930 8.7357 -16.7525 -0.0000 0.0000 0.0000 -0.0000 0.0000 0.0000 11.6780 31.3942 -3.2924 -0.0000 0.0000 0.0000 16.9391 -10.8222 -64.9224 -12.8408 15.9827 -102.5713 -0.0000 0.0000 0.0000 -1.5416 -1.6875 95.1734 3.6743 -0.6733 -20.7607 -0.0000 0.0000 0.0000 -9.7822 -16.8771 -1.4547 9.2077 40.5920 -3.4116 -0.0000 0.0000 0.0000 -1.7649 -16.6868 -0.2589 -18.2881 43.5556 7.3590 -0.0000 0.0000 0.0000
0.0142 30.3640 -0.1771 4.0325 9.5559 -15.9156 -0.0000 0.0000 0.0000 -0.0000 0.0000 0.0000 12.1110 30.7402 -3.3406 -0.0000 0.0000 0.0000 18.2365 -11.8225 -65.6519 -12.1404 14.6817 -100.9230 -0.0000 0.0000 0.0000 0.3306 0.4186 103.3910 -2.9871 1.2753 -46.2319 -0.0000 0.0000 0.0000 -10.1873 -17.7659 -1.5963 8.6903 41.0972 -3.2629 -0.0000 0.0000 0.0000 -1.7195 -18.3654 -0.2780 -18.5235 44.8464 7.6993 -0.0000 0.0000 0.0000
0.0168 30.3655 -0.1734 3.8827 10.3691 -14.4889 -0.0000 0.0000 0.0000 -0.0000 0.0000 0.0000 12.9385 29.8280 -3.4597 -0.0000 0.0000 0.0000 20.5871 -13.4837 -66.1204 -11.1545 13.2468 -99.8757 -0.0000 0.0000 0.0000 0.3156 0.4349 108.0731 -2.7227 1.4830 -57.1468 -0.0000 0.0000 0.0000 -10.9779 -18.6636 -1.8093 7.2119 40.5799 -2.6694 -0.0000 0.0000 0.0000 -1.8024 -19.7073 -0.3131 -20.2184 45.8734 8.6294 -0.0000 0.0000 0.0000
0.0201 30.3666 -0.1678 3.9729 11.2250 -12.7949 -0.0000 0.0000 0.0000 -0.0000 0.0000 0.0000 13.2573 28.8399 -3.4231 -0.0000 0.0000 0.0000 22.5776 -15.1782 -67.4425 -10.1411 11.6009 -97.7282 -0.0000 0.0000 0.0000 -1.3064 -1.8288 108.9215 2.1872 -1.4464 -66.9507 -0.0000 0.0000 0.0000 -11.8231 -18.7732 -1.9612 4.7126 40.7283 -1.7501 -0.0000 0.0000 0.0000 -2.1163 -19.4245 -0.3623 -22.5354 46.0244 9.6737 -0.0000 0.0000 0.0000
0.0232 30.3666 -0.1622 4.2085 12.1837 -11.3245 -0.0000 0.0000 0.0000 -0.0000 0.0000 0.0000 13.3764 28.1433 -3.3672 -0.0000 0.0000 0.0000 23.9464 -16.6823 -69.3179 -9.4434 10.1243 -94.0049 -0.0000 0.0000 0.0000 -4.1555 -5.8200 108.9689 11.2088 -8.6249 -75.0826 -0.0000 0.0000 0.0000 -12.1809 -18.0467 -1.9415 1.4041 40.6558 -0.5202 -0.0000 0.0000 0.0000 -2.2404 -17.4894 -0.3447 -24.1941 45.0023 10.1471 -0.0000 0.0000 0.0000
0.0259 30.3647 -0.1577 4.6621 12.1191 -10.5069 -0.0000 0.0000 0.0000 -0.0000 0.0000 0.0000 12.5222 27.8125 -3.1120 -0.0000 0.0000 0.0000 23.1587 -16.9618 -72.0898 -9.7354 10.2443 -92.9326 -0.0000 0.0000 0.0000 -5.2978 -7.4990 109.5584 16.6853 -15.4039 -85.3662 -0.0000 0.0000 0.0000 -11.9845 -16.1486 -1.7063 -0.5445 40.6202 0.2015 -0.0000 0.0000 0.0000 -1.1584 -12.7776 -0.1297 -25.4381 40.8996 9.6218 -0.0000 0.0000 0.0000
0.0283 30.3611 -0.1553 4.8990 12.8530 -10.4447 -0.0000 0.0000 0.0000 -0.0000 0.0000 0.0000 11.4869 28.1572 -2.8898 -0.0000 0.0000 0.0000 22.5601 -16.7632 -72.9064 -9.6940 10.0681 -92.1798 -0.0000 0.0000 0.0000 -5.9473 -9.0203 113.2665 19.1547 -20.8839 -95.0477 -0.0000 0.0000 0.0000 -10.9167 -15.0050 -1.4420 -0.8078 40.0052 0.2941 -0.0000 0.0000 0.0000 0.4389 -8.4414 0.0324 -24.0987 35.2208 7.7523 -0.0000 0.0000 0.0000
0.0290 30.3573 -0.1492 5.5860 14.7552 -11.9126 -0.0000 0.0000 0.0000 -0.0000 0.0000 0.0000 9.8562 28.0422 -2.4670 -0.0000 0.0000 0.0000 22.6556 -16.9630 -73.3278 -9.4442 9.0464 -87.5246 -0.0000 0.0000 0.0000 -7.1815 -11.9355 118.0470 22.2563 -25.0143 -96.8704 -0.0000 0.0000 0.0000 -9.9564 -15.7561 -1.3811 -1.0914 38.8241 0.3846 -0.0000 0.0000 0.0000 2.1752 -5.2625 0.1000 -22.1353 27.3610 5.4519 -0.0000 0.0000 0.0000
0.0272 30.3532 -0.1411 6.5462 16.0023 -13.6251 -0.0000 0.0000 0.0000 -0.0000 0.0000 0.0000 8.0314 28.1739 -2.0185 -0.0000 0.0000 0.0000 21.6566 -16.5019 -74.3340 -9.2452 8.6724 -86.3226 -0.0000 0.0000 0.0000 -9.0669 -15.4571 119.4092 28.9682 -30.6392 -93.3608 -0.0000 0.0000 0.0000 -9.4960 -16.3905 -1.3707 -1.3529 37.7587 0.4627 -0.0000 0.0000 0.0000 2.7934 -2.0708 0.0505 -20.5351 19.7811 3.6181 -0.0000 0.0000 0.0000
0.0254 30.3496 -0.1333 7.4283 16.1640 -15.1455 -0.0000 0.0000 0.0000 -0.0000 0.0000 0.0000 6.7021 28.5374 -1.7063 -0.0000 0.0000 0.0000 19.5761 -15.2961 -75.7926 -9.3737 9.0664 -88.0822 -0.0000 0.0000 0.0000 -9.1281 -17.4203 124.9565 30.3948 -34.6496 -97.8996 -0.0000 0.0000 0.0000 -9.3355 -16.3875 -1.3472 -3.6531 38.9871 1.2936 -0.0000 0.0000 0.0000 2.8946 -0.5530 0.0140 -21.2137 17.0431 3.2146 -0.0000 0.0000 0.0000
0.0236 30.3470 -0.1270 8.1236 16.9251 -16.5742 -0.0000 0.0000 0.0000 -0.0000 0.0000 0.0000 5.3652 28.4773 -1.3624 -0.0000 0.0000 0.0000 19.0238 -14.9054 -75.9592 -9.3096 9.1219 -88.8277 -0.0000 0.0000 0.0000 -7.2226 -14.1785 126.1866 24.8243 -29.5608 -100.3338 -0.0000 0.0000 0.0000 -8.9901 -17.4143 -1.3796 -6.5194 39.0835 2.3162 -0.0000 0.0000 0.0000 3.0219 -1.6773 0.0442 -22.1427 17.0175 3.3536 -0.0000 0.0000 0.0000
0.0216 30.3433 -0.1237 8.4976 15.1461 -16.7595 -0.0000 0.0000 0.0000 -0.0000 0.0000 0.0000 3.6715 28.7450 -0.9411 -0.0000 0.0000 0.0000 15.3229 -12.5486 -78.5202 -11.4165 12.4405 -94.9512 -0.0000 0.0000 0.0000 -4.1338 -9.0409 130.9284 16.8821 -23.9967 -110.1496 -0.0000 0.0000 0.0000 -9.0856 -14.6744 -1.1723 -8.2131 37.9979 2.8321 -0.0000 0.0000 0.0000 3.4680 1.3030 -0.0394 -24.2049 15.7365 3.3947 -0.0000 0.0000 0.0000
0.0205 30.3412 -0.1239 8.2807 15.2790 -16.3790 -0.0000 0.0000 0.0000 -0.0000 0.0000 0.0000 2.8664 28.8014 -0.7362 -0.0000 0.0000 0.0000 15.3824 -12.3484 -77.3920 -11.3210 12.7587 -96.8840 -0.0000 0.0000 0.0000 -8.1884 -14.9686 122.8322 31.1725 -31.8029 -91.2069 -0.0000 0.0000 0.0000 -8.3740 -15.1149 -1.1129 -8.6857 37.3730 2.9427 -0.0000 0.0000 0.0000 4.7359 1.4635 -0.0605 -26.4375 15.8331 3.7416 -0.0000 0.0000 0.0000
0.0205 30.3409 -0.1216 8.2070 15.9223 -17.1350 -0.0000 0.0000 0.0000 -0.0000 0.0000 0.0000 2.1547 28.2444 -0.5422 -0.0000 0.0000 0.0000 16.9114 -13.0667 -75.2197 -10.6205 11.5475 -94.8191 -0.0000 0.0000 0.0000 -11.3759 -19.1152 118.7881 42.8200 -32.9824 -74.1081 -0.0000 0.0000 0.0000 -7.7286 -16.6873 -1.1352 -8.8691 37.0875 2.9804 -0.0000 0.0000 0.0000 5.9875 1.5827 -0.0828 -27.5112 14.1816 3.4884 -0.0000 0.0000 0.0000
0.0206 30.3410 -0.1190 8.2382 16.1102 -18.0338 -0.0000 0.0000 0.0000 -0.0000 0.0000 0.0000 1.4110 28.5970 -0.3596 -0.0000 0.0000 0.0000 17.1650 -12.8193 -73.3237 -10.2204 11.0394 -94.4379 -0.0000 0.0000 0.0000 -13.7046 -22.3009 117.2619 53.5704 -35.2693 -64.3979 -0.0000 0.0000 0.0000 -7.4688 -17.9856 -1.1836 -9.3248 37.9391 3.2115 -0.0000 0.0000 0.0000 6.0958 2.1258 -0.1132 -27.7016 12.9311 3.2011 -0.0000 0.0000 0.0000
0.0223 30.3413 -0.1162 8.4015 15.8010 -19.0284 -0.0000 0.0000 0.0000 -0.0000 0.0000 0.0000 0.8957 28.9090 -0.2309 -0.0000 0.0000 0.0000 16.3927 -11.9179 -71.8600 -9.9772 10.7729 -94.4164 -0.0000 0.0000 0.0000 -14.9360 -26.0699 120.9619 63.2482 -40.4371 -61.7667 -0.0000 0.0000 0.0000 -7.4172 -18.1320 -1.1851 -10.9588 39.6819 3.9648 -0.0000 0.0000 0.0000 5.6500 2.9248 -0.1444 -27.9616 11.5809 2.8926 -0.0000 0.0000 0.0000
0.0249 30.3417 -0.1133 8.6578 15.8809 -20.0141 -0.0000 0.0000 0.0000 -0.0000 0.0000 0.0000 0.2493 28.7419 -0.0639 -0.0000 0.0000 0.0000 15.8212 -11.2176 -70.5032 -10.0014 10.7456 -94.1316 -0.0000 0.0000 0.0000 -11.8118 -24.1110 128.3129 57.0302 -44.9859 -74.6250 -0.0000 0.0000 0.0000 -7.1602 -18.1161 -1.1430 -11.6989 40.2086 4.2951 -0.0000 0.0000 0.0000 5.2461 2.6090 -0.1195 -27.0928 10.8624 2.6245 -0.0000 0.0000 0.0000
0.0272 30.3414 -0.1111 8.9576 16.2238 -20.7307 -0.0000 0.0000 0.0000 -0.0000 0.0000 0.0000 -0.4235 27.7628 0.1047 -0.0000 0.0000 0.0000 15.7797 -10.9966 -69.5683 -9.5562 10.1718 -93.5921 -0.0000 0.0000 0.0000 -10.0957 -23.6969 134.3344 51.0261 -45.7513 -82.9563 -0.0000 0.0000 0.0000 -7.6096 -17.0327 -1.1411 -11.0571 39.4781 3.9783 -0.0000 0.0000 0.0000 5.1366 2.4066 -0.1080 -26.6971 10.0862 2.3992 -0.0000 0.0000 0.0000
0.0297 30.3413 -0.1099 8.7284 16.0885 -20.8968 -0.0000 0.0000 0.0000 -0.0000 0.0000 0.0000 -0.4115 26.8544 0.0982 -0.0000 0.0000 0.0000 15.4767 -10.6791 -69.0407 -9.4890 10.1886 -94.0926 -0.0000 0.0000 0.0000 -9.9045 -24.5848 136.6283 50.5982 -44.4840 -81.7308 -0.0000 0.0000 0.0000 -7.7812 -15.7507 -1.0780 -10.6409 39.3774 3.8172 -0.0000 0.0000 0.0000 5.0920 3.0908 -0.1375 -27.0714 10.1922 2.4598 -0.0000 0.0000 0.0000
0.0328 30.3411 -0.1083 8.3108 16.6804 -21.0454 -0.0000 0.0000 0.0000 -0.0000 0.0000 0.0000 -0.2501 25.4944 0.0566 -0.0000 0.0000 0.0000 17.1613 -11.4765 -67.3244 -8.3741 8.8186 -92.9736 -0.0000 0.0000 0.0000 -10.5733 -24.6290 134.0583 49.9394 -40.8477 -77.2955 -0.0000 0.0000 0.0000 -7.4174 -16.0906 -1.0499 -10.1644 39.2007 3.6277 -0.0000 0.0000 0.0000 5.7181 2.4140 -0.1206 -27.7030 10.2037 2.5222 -0.0000 0.0000 0.0000
0.0352 30.3407 -0.1076 7.7935 16.9342 -20.8735 -0.0000 0.0000 0.0000 -0.0000 0.0000 0.0000 -0.0747 24.9280 0.0165 -0.0000 0.0000 0.0000 18.2144 -11.8958 -66.0417 -7.9330 8.3937 -93.2439 -0.0000 0.0000 0.0000 -11.3664 -24.3351 130.4486 49.8393 -37.7478 -72.6936 -0.0000 0.0000 0.0000 -6.9936 -16.2284 -0.9983 -10.1585 39.5442 3.6600 -0.0000 0.0000 0.0000 6.3308 1.8639 -0.1031 -28.5166 10.7415 2.7372 -0.0000 0.0000 0.0000
0.0373 30.3399 -0.1078 7.5379 16.4688 -20.7554 -0.0000 0.0000 0.0000 -0.0000 0.0000 0.0000 -0.0005 24.9059 0.0001 -0.0000 0.0000 0.0000 17.7860 -11.5123 -65.5816 -8.3013 9.0505 -94.9639 -0.0000 0.0000 0.0000 -10.6304 -22.2375 129.3357 46.5579 -35.9346 -74.0145 -0.0000 0.0000 0.0000 -6.8066 -16.1593 -0.9674 -11.2031 39.8887 4.0766 -0.0000 0.0000 0.0000 5.9974 2.2134 -0.1160 -28.5877 10.7232 2.7396 -0.0000 0.0000 0.0000
0.0381 30.3392 -0.1083 7.8052 15.8351 -21.0019 -0.0000 0.0000 0.0000 -0.0000 0.0000 0.0000 -0.2527 25.1840 0.0565 -0.0000 0.0000 0.0000 16.6542 -10.8094 -65.7564 -8.8405 10.0075 -97.1178 -0.0000 0.0000 0.0000 -9.0111 -19.3871 130.4716 43.1576 -37.1326 -80.6798 -0.0000 0.0000 0.0000 -6.7699 -16.2387 -0.9669 -12.0748 39.9587 4.4041 -0.0000 0.0000 0.0000 5.4606 2.4749 -0.1180 -28.4179 10.8377 2.7518 -0.0000 0.0000 0.0000
0.0374 30.3383 -0.1097 8.3386 15.0086 -21.0371 -0.0000 0.0000 0.0000 -0.0000 0.0000 0.0000 -0.5073 25.8452 0.1164 -0.0000 0.0000 0.0000 15.2494 -10.1119 -66.9212 -9.5417 11.1269 -98.8190 -0.0000 0.0000 0.0000 -9.0398 -19.7661 131.1892 45.2211 -39.5847 -81.6598 -0.0000 0.0000 0.0000 -6.9587 -15.6332 -0.9564 -12.3720 39.5981 4.4691 -0.0000 0.0000 0.0000 4.8014 3.1277 -0.1312 -27.5389 10.6607 2.6196 -0.0000 0.0000 0.0000
0.0364 30.3379 -0.1115 8.5813 14.4423 -20.7321 -0.0000 0.0000 0.0000 -0.0000 0.0000 0.0000 -0.3968 26.3866 0.0930 -0.0000 0.0000 0.0000 14.2588 -9.6794 -68.1913 -10.1013 12.0953 -100.3306 -0.0000 0.0000 0.0000 -10.1100 -21.2147 129.4351 50.1572 -40.7130 -76.8177 -0.0000 0.0000 0.0000 -7.4629 -15.1017 -0.9906 -11.9472 39.3058 4.2802 -0.0000 0.0000 0.0000 4.3302 3.3065 -0.1250 -27.0230 10.9244 2.6325 -0.0000 0.0000 0.0000
0.0347 30.3377 -0.1126 8.7239 14.9582 -20.4137 -0.0000 0.0000 0.0000 -0.0000 0.0000 0.0000 -0.2425 26.5215 0.0572 -0.0000 0.0000 0.0000 15.1785 -10.3703 -68.5164 -9.2010 11.0110 -100.2868 -0.0000 0.0000 0.0000 -11.3393 -22.1443 126.1997 53.7579 -38.8979 -69.7271 -0.0000 0.0000 0.0000 -8.1192 -15.9024 -1.1359 -10.6985 38.2883 3.7235 -0.0000 0.0000 0.0000 4.0935 2.9840 -0.1067 -26.8725 9.6489 2.3103 -0.0000 0.0000 0.0000
0.0337 30.3370 -0.1130 8.5373 14.2550 -19.8251 -0.0000 0.0000 0.0000 -0.0000 0.0000 0.0000 0.1264 27.0458 -0.0304 -0.0000 0.0000 0.0000 14.3656 -9.9907 -69.4882 -9.8630 12.0763 -101.5911 -0.0000 0.0000 0.0000 -11.6340 -23.4791 127.7685 58.8360 -42.9021 -69.7388 -0.0000 0.0000 0.0000 -8.6346 -14.6588 -1.1127 -9.9902 38.0007 3.4477 -0.0000 0.0000 0.0000 4.2743 3.6388 -0.1358 -27.3650 10.0802 2.4600 -0.0000 0.0000 0.0000
0.0334 30.3370 -0.1126 8.3764 15.7164 -19.8470 -0.0000 0.0000 0.0000 -0.0000 0.0000 0.0000 0.0697 26.9391 -0.0167 -0.0000 0.0000 0.0000 16.3708 -11.1956 -68.5400 -8.7251 10.6503 -101.4027 -0.0000 0.0000 0.0000 -11.2663 -22.0917 126.3873 56.4566 -41.6542 -70.6437 -0.0000 0.0000 0.0000 -8.3661 -16.9114 -1.2459 -9.1203 38.5085 3.1916 -0.0000 0.0000 0.0000 5.1006 1.1419 -0.0509 -27.2847 11.5252 2.8062 -0.0000 0.0000 0.0000
0.0333 30.3374 -0.1109 8.4341 17.3500 -20.4237 -0.0000 0.0000 0.0000 -0.0000 0.0000 0.0000 0.0526 26.1363 -0.0122 -0.0000 0.0000 0.0000 18.2974 -12.2039 -67.1533 -7.4326 8.9674 -100.7287 -0.0000 0.0000 0.0000 -8.5878 -18.2100 129.7939 45.6122 -40.0952 -81.9051 -0.0000 0.0000 0.0000 -8.2170 -19.1388 -1.3876 -8.2798 38.7707 2.9179 -0.0000 0.0000 0.0000 5.8094 -1.3159 0.0668 -27.5194 13.3640 3.2866 -0.0000 0.0000 0.0000
0.0331 30.3371 -0.1102 8.3305 17.1721 -20.3954 -0.0000 0.0000 0.0000 -0.0000 0.0000 0.0000 0.1499 26.0783 -0.0347 -0.0000 0.0000 0.0000 17.8185 -11.9312 -67.3750 -7.8995 9.6439 -101.4007 -0.0000 0.0000 0.0000 -4.4249 -10.7712 135.4323 27.3584 -33.3850 -101.8713 -0.0000 0.0000 0.0000 -7.9157 -18.1077 -1.2633 -9.4607 39.6044 3.4132 -0.0000 0.0000 0.0000 6.0875 -1.4595 0.0776 -27.5011 15.5154 3.8187 -0.0000 0.0000 0.0000
0.0330 30.3370 -0.1102 8.3048 18.3226 -20.4748 -0.0000 0.0000 0.0000 -0.0000 0.0000 0.0000 0.2431 25.2672 -0.0545 -0.0000 0.0000 0.0000 19.5725 -13.0044 -66.9123 -7.3788 8.3927 -97.3796 -0.0000 0.0000 0.0000 -5.6472 -12.0764 130.0036 28.0211 -28.4816 -90.9730 -0.0000 0.0000 0.0000 -7.3096 -19.5653 -1.2620 -10.5640 40.5651 3.9137 -0.0000 0.0000 0.0000 6.6539 -3.4734 0.2020 -27.2119 17.6097 4.2940 -0.0000 0.0000 0.0000
0.0319 30.3364 -0.1108 8.4909 18.1901 -20.5119 -0.0000 0.0000 0.0000 -0.0000 0.0000 0.0000 0.6915 25.0059 -0.1534 -0.0000 0.0000 0.0000 19.5485 -13.1355 -67.5131 -7.7324 8.4883 -95.3543 -0.0000 0.0000 0.0000 -4.9854 -10.0855 127.4812 22.1208 -20.7603 -86.2793 -0.0000 0.0000 0.0000 -7.4975 -19.5103 -1.2908 -11.8307 40.7641 4.4091 -0.0000 0.0000 0.0000 6.1869 -2.3294 0.1259 -26.6119 16.9784 4.0433 -0.0000 0.0000 0.0000
0.0307 30.3357 -0.1112 8.6957 17.1021 -20.3080 -0.0000 0.0000 0.0000 -0.0000 0.0000 0.0000 1.0893 25.8029 -0.2495 -0.0000 0.0000 0.0000 17.4336 -12.1630 -69.5905 -9.7453 10.4501 -94.0183 -0.0000 0.0000 0.0000 -3.5415 -6.9998 126.3692 16.3079 -16.1449 -89.4168 -0.0000 0.0000 0.0000 -7.6520 -18.1650 -1.2250 -11.9657 40.2816 4.4024 -0.0000 0.0000 0.0000 5.8741 -1.7996 0.0923 -26.3535 17.5995 4.1513 -0.0000 0.0000 0.0000
0.0286 30.3355 -0.1115 8.9629 17.8441 -20.5263 -0.0000 0.0000 0.0000 -0.0000 0.0000 0.0000 1.1970 26.3181 -0.2799 -0.0000 0.0000 0.0000 17.8267 -12.4885 -69.8031 -9.7462 10.1933 -92.5823 -0.0000 0.0000 0.0000 -5.2383 -9.6363 123.0232 19.0615 -16.8926 -82.9817 -0.0000 0.0000 0.0000 -7.7468 -18.7468 -1.2807 -11.3097 38.9035 4.0056 -0.0000 0.0000 0.0000 5.2670 -2.7219 0.1252 -25.4599 17.0600 3.8812 -0.0000 0.0000 0.0000
0.0257 30.3355 -0.1119 9.1491 18.2662 -20.5873 -0.0000 0.0000 0.0000 -0.0000 0.0000 0.0000 1.1233 26.7573 -0.2672 -0.0000 0.0000 0.0000 17.3082 -12.2508 -70.3753 -10.1711 10.4938 -91.7990 -0.0000 0.0000 0.0000 -6.4404 -11.2985 120.7397 21.1639 -18.0136 -80.6257 -0.0000 0.0000 0.0000 -8.1795 -17.9472 -1.2938 -10.0769 36.3014 3.3111 -0.0000 0.0000 0.0000 4.4846 -3.5667 0.1397 -25.0910 17.1087 3.8343 -0.0000 0.0000 0.0000
0.0235 30.3358 -0.1116 9.0527 19.0140 -20.5077 -0.0000 0.0000 0.0000 -0.0000 0.0000 0.0000 1.0871 26.7472 -0.2585 -0.0000 0.0000 0.0000 17.6011 -12.3944 -70.0897 -9.9866 10.1938 -91.1828 -0.0000 0.0000 0.0000 -7.5144 -13.0513 120.2805 23.2969 -19.4266 -79.4070 -0.0000 0.0000 0.0000 -8.2193 -17.4645 -1.2646 -9.5637 34.2466 2.9526 -0.0000 0.0000 0.0000 4.2969 -5.2754 0.1980 -25.1306 17.0970 3.8379 -0.0000 0.0000 0.0000
0.0229 30.3361 -0.1110 8.7268 19.3265 -20.1368 -0.0000 0.0000 0.0000 -0.0000 0.0000 0.0000 1.0254 26.8042 -0.2443 -0.0000 0.0000 0.0000 17.3131 -12.1523 -69.9218 -10.3503 10.6011 -91.3794 -0.0000 0.0000 0.0000 -6.5597 -11.7817 121.9030 21.0940 -19.0273 -83.9808 -0.0000 0.0000 0.0000 -8.1430 -18.0175 -1.2931 -9.5787 33.4597 2.8853 -0.0000 0.0000 0.0000 4.5208 -7.2188 0.2853 -26.2073 17.9274 4.2055 -0.0000 0.0000 0.0000
0.0236 30.3365 -0.1107 8.3631 19.5105 -19.7376 -0.0000 0.0000 0.0000 -0.0000 0.0000 0.0000 1.4387 26.5830 -0.3399 -0.0000 0.0000 0.0000 17.5062 -12.0573 -68.8931 -10.2565 10.7106 -92.4954 -0.0000 0.0000 0.0000 -5.1095 -9.4825 123.4430 18.2242 -17.4186 -87.3684 -0.0000 0.0000 0.0000 -7.9467 -19.5975 -1.3746 -9.0771 33.3998 2.7284 -0.0000 0.0000 0.0000 5.1316 -8.5124 0.3822 -26.6259 17.9499 4.2805 -0.0000 0.0000 0.0000
0.0239 30.3367 -0.1109 8.1338 19.7125 -19.3402 -0.0000 0.0000 0.0000 -0.0000 0.0000 0.0000 1.7460 26.4835 -0.4109 -0.0000 0.0000 0.0000 17.3326 -11.7494 -68.0441 -10.1533 10.8243 -93.6845 -0.0000 0.0000 0.0000 -5.4221 -9.6589 121.4635 20.6755 -18.4872 -83.4779 -0.0000 0.0000 0.0000 -7.9162 -21.1756 -1.4820 -7.9427 34.4589 2.4667 -0.0000 0.0000 0.0000 5.3033 -9.4443 0.4384 -25.7465 18.4130 4.2427 -0.0000 0.0000 0.0000
0.0228 30.3362 -0.1120 8.1528 19.4515 -19.0772 -0.0000 0.0000 0.0000 -0.0000 0.0000 0.0000 1.8746 26.3403 -0.4387 -0.0000 0.0000 0.0000 16.4210 -11.0680 -67.7618 -10.0722 10.9799 -94.9653 -0.0000 0.0000 0.0000 -5.8177 -9.8208 118.7963 22.6586 -18.9200 -79.4980 -0.0000 0.0000 0.0000 -8.2261 -21.2678 -1.5471 -7.6700 36.4596 2.5296 -0.0000 0.0000 0.0000 4.8183 -7.8990 0.3329 -24.8435 17.9110 3.9760 -0.0000 0.0000 0.0000
0.0205 30.3367 -0.1137 8.1252 20.1688 -18.8655 -0.0000 0.0000 0.0000 -0.0000 0.0000 0.0000 2.1703 25.7314 -0.4958 -0.0000 0.0000 0.0000 17.1954 -11.5000 -67.3266 -9.0777 9.5398 -92.8565 -0.0000 0.0000 0.0000 -7.6603 -11.9330 114.7149 25.0932 -16.3753 -65.7672 -0.0000 0.0000 0.0000 -8.2017 -22.4823 -1.6328 -7.1516 37.7071 2.4449 -0.0000 0.0000 0.0000 4.3461 -8.8790 0.3376 -22.9997 19.1483 3.9308 -0.0000 0.0000 0.0000
0.0197 30.3378 -0.1130 7.9218 20.9362 -18.9161 -0.0000 0.0000 0.0000 -0.0000 0.0000 0.0000 2.4695 25.4546 -0.5578 -0.0000 0.0000 0.0000 18.3626 -12.2477 -67.1526 -8.5827 9.1026 -93.3808 -0.0000 0.0000 0.0000 -7.1188 -11.0146 114.3446 24.0337 -15.1551 -64.0066 -0.0000 0.0000 0.0000 -8.0273 -24.7183 -1.7617 -6.7061 37.6580 2.2890 -0.0000 0.0000 0.0000 4.0533 -11.1547 0.3960 -21.4145 21.5769 4.1269 -0.0000 0.0000 0.0000
0.0208 30.3388 -0.1109 7.4038 20.8818 -18.8656 -0.0000 0.0000 0.0000 -0.0000 0.0000 0.0000 2.4329 25.9308 -0.5602 -0.0000 0.0000 0.0000 17.7517 -11.9181 -67.5183 -9.5903 10.5569 -95.5218 -0.0000 0.0000 0.0000 -3.8200 -6.1896 116.6677 16.6870 -12.1029 -71.7221 -0.0000 0.0000 0.0000 -7.6269 -26.0215 -1.7648 -6.7657 36.2789 2.2188 -0.0000 0.0000 0.0000 4.4236 -12.8985 0.5003 -21.0855 23.4682 4.4276 -0.0000 0.0000 0.0000
0.0229 30.3399 -0.1087 6.7355 21.7844 -19.2185 -0.0000 0.0000 0.0000 -0.0000 0.0000 0.0000 2.7852 25.7569 -0.6369 -0.0000 0.0000 0.0000 19.1402 -12.6988 -66.8484 -9.5270 10.6410 -96.3558 -0.0000 0.0000 0.0000 -1.8729 -3.1066 117.8384 11.3364 -8.6047 -74.3227 -0.0000 0.0000 0.0000 -7.0203 -28.1191 -1.7602 -8.0732 34.8932 2.5410 -0.0000 0.0000 0.0000 3.8435 -14.8408 0.5008 -19.4892 24.7695 4.3192 -0.0000 0.0000 0.0000
0.0238 30.3406 -0.1070 6.1611 22.3621 -19.4239 -0.0000 0.0000 0.0000 -0.0000 0.0000 0.0000 2.5427 25.7393 -0.5810 -0.0000 0.0000 0.0000 19.6522 -12.7330 -65.5798 -9.6419 11.2421 -98.8116 -0.0000 0.0000 0.0000 -0.5553 -0.8926 116.2281 6.9160 -5.0289 -72.0137 -0.0000 0.0000 0.0000 -6.4606 -28.9652 -1.6704 -8.0477 33.8295 2.4510 -0.0000 0.0000 0.0000 2.7479 -15.6616 0.3780 -18.1496 24.5641 3.9831 -0.0000 0.0000 0.0000
0.0231 30.3410 -0.1053 5.8331 23.5761 -19.8202 -0.0000 0.0000 0.0000 -0.0000 0.0000 0.0000 2.1256 24.9244 -0.4698 -0.0000 0.0000 0.0000 21.5710 -13.4553 -63.5341 -8.4729 10.0635 -99.8512 -0.0000 0.0000 0.0000 -1.6586 -2.5292 113.4936 7.3758 -4.6621 -64.5495 -0.0000 0.0000 0.0000 -6.2392 -29.6152 -1.6509 -8.5392 34.9970 2.6967 -0.0000 0.0000 0.0000 1.2350 -15.8984 0.1725 -17.1410 24.0228 3.6732 -0.0000 0.0000 0.0000
0.0208 30.3424 -0.1039 5.5619 24.6877 -19.8768 -0.0000 0.0000 0.0000 -0.0000 0.0000 0.0000 1.9580 24.0562 -0.4172 -0.0000 0.0000 0.0000 23.3265 -13.9576 -61.3363 -7.2270 8.5469 -99.5962 -0.0000 0.0000 0.0000 -3.4110 -4.9403 110.7705 8.7256 -4.2349 -51.7117 -0.0000 0.0000 0.0000 -6.1339 -30.6285 -1.6812 -6.7874 35.6848 2.1870 -0.0000 0.0000 0.0000 0.2259 -16.2920 0.0323 -15.4439 22.2908 3.0605 -0.0000 0.0000 0.0000
0.0191 30.3435 -0.1014 5.4246 25.0622 -20.0836 -0.0000 0.0000 0.0000 -0.0000 0.0000 0.0000 1.7900 23.6225 -0.3743 -0.0000 0.0000 0.0000 24.3225 -14.2866 -60.3605 -6.9336 8.3614 -100.6972 -0.0000 0.0000 0.0000 -4.0209 -5.6180 108.8372 10.7333 -4.4865 -45.2713 -0.0000 0.0000 0.0000 -6.3742 -31.6237 -1.8068 -5.2531 35.5629 1.6858 -0.0000 0.0000 0.0000 -0.6689 -16.7135 -0.0983 -13.3673 22.4087 2.6594 -0.0000 0.0000 0.0000
0.0180 30.3441 -0.0986 5.2492 24.3237 -19.8207 -0.0000 0.0000 0.0000 -0.0000 0.0000 0.0000 1.6678 23.7055 -0.3500 -0.0000 0.0000 0.0000 23.0770 -13.7283 -61.0514 -8.1251 9.9549 -101.6055 -0.0000 0.0000 0.0000 -3.1186 -4.2868 107.9409 12.0827 -5.0251 -45.0394 -0.0000 0.0000 0.0000 -6.4823 -30.4916 -1.7685 -3.3369 34.9355 1.0503 -0.0000 0.0000 0.0000 0.4764 -14.6732 0.0613 -13.6131 20.1994 2.4359 -0.0000 0.0000 0.0000
0.0172 30.3444 -0.0964 5.1656 24.6442 -19.6395 -0.0000 0.0000 0.0000 -0.0000 0.0000 0.0000 2.2663 23.2842 -0.4670 -0.0000 0.0000 0.0000 23.4965 -14.1439 -61.6344 -8.1575 9.5606 -99.0913 -0.0000 0.0000 0.0000 -4.4538 -6.0477 107.2841 15.2029 -5.4864 -39.4997 -0.0000 0.0000 0.0000 -6.5690 -29.6202 -1.7386 -3.1704 34.5127 0.9850 -0.0000 0.0000 0.0000 1.4563 -13.0693 0.1668 -13.8319 18.3096 2.2397 -0.0000 0.0000 0.0000
0.0166 30.3440 -0.0957 5.1147 24.7926 -19.2286 -0.0000 0.0000 0.0000 -0.0000 0.0000 0.0000 2.7512 22.7954 -0.5547 -0.0000 0.0000 0.0000 23.1992 -14.1329 -62.2571 -8.2200 9.3362 -97.3042 -0.0000 0.0000 0.0000 -7.5222 -9.7362 104.6748 21.5052 -5.5827 -28.7988 -0.0000 0.0000 0.0000 -6.1276 -28.8444 -1.5772 -1.9553 32.4407 0.5689 -0.0000 0.0000 0.0000 2.8012 -11.3019 0.2772 -14.8089 15.8364 2.0710 -0.0000 0.0000 0.0000
0.0159 30.3442 -0.0959 5.0474 25.9515 -19.2334 -0.0000 0.0000 0.0000 -0.0000 0.0000 0.0000 3.5595 21.5124 -0.6764 -0.0000 0.0000 0.0000 25.1055 -15.2467 -62.0210 -6.6931 7.1427 -93.7313 -0.0000 0.0000 0.0000 -13.3698 -15.9800 100.2750 26.7307 -4.0726 -17.0220 -0.0000 0.0000 0.0000 -5.6003 -29.9455 -1.4988 -1.7895 30.7472 0.4920 -0.0000 0.0000 0.0000 3.4624 -12.1553 0.3688 -15.1595 15.7105 2.1035 -0.0000 0.0000 0.0000
0.0149 30.3445 -0.0969 4.9938 25.6715 -19.0522 -0.0000 0.0000 0.0000 -0.0000 0.0000 0.0000 3.9059 21.1862 -0.7308 -0.0000 0.0000 0.0000 24.2599 -14.9142 -62.6825 -6.7566 7.1922 -93.5862 -0.0000 0.0000 0.0000 -16.1807 -18.1740 96.7413 27.9335 -2.8913 -11.5881 -0.0000 0.0000 0.0000 -5.0687 -30.1472 -1.3660 -1.3623 28.7226 0.3488 -0.0000 0.0000 0.0000 4.2625 -12.5969 0.4707 -15.3428 15.9496 2.1621 -0.0000 0.0000 0.0000
0.0144 30.3454 -0.0975 4.8681 25.3765 -19.2769 -0.0000 0.0000 0.0000 -0.0000 0.0000 0.0000 4.2462 20.8604 -0.7820 -0.0000 0.0000 0.0000 24.2007 -14.8935 -62.7395 -6.6310 6.9077 -92.3472 -0.0000 0.0000 0.0000 -17.8598 -19.2860 94.4752 24.9294 -1.8747 -8.4663 -0.0000 0.0000 0.0000 -4.9652 -31.5545 -1.4037 -1.7484 28.3384 0.4414 -0.0000 0.0000 0.0000 3.0627 -15.1099 0.4063 -14.9707 18.5420 2.4574 -0.0000 0.0000 0.0000
0.0136 30.3459 -0.0991 4.8393 24.7838 -18.8474 -0.0000 0.0000 0.0000 -0.0000 0.0000 0.0000 4.2770 20.8144 -0.7859 -0.0000 0.0000 0.0000 23.3261 -14.6879 -63.9593 -6.9448 7.1781 -91.8978 -0.0000 0.0000 0.0000 -18.4127 -19.0972 92.1287 24.0981 -1.2130 -5.6784 -0.0000 0.0000 0.0000 -5.6280 -31.8663 -1.6079 -1.9362 29.8782 0.5166 -0.0000 0.0000 0.0000 1.4284 -16.8119 0.2111 -14.5569 20.4893 2.6447 -0.0000 0.0000 0.0000
0.0126 30.3468 -0.1007 5.0034 24.9296 -18.5087 -0.0000 0.0000 0.0000 -0.0000 0.0000 0.0000 4.2894 20.8201 -0.7884 -0.0000 0.0000 0.0000 24.2324 -15.3148 -64.1162 -6.3002 6.2236 -89.2974 -0.0000 0.0000 0.0000 -19.0827 -19.1456 90.1920 21.7901 -0.3516 -1.8264 -0.0000 0.0000 0.0000 -6.6921 -32.3256 -1.9415 -1.6232 31.9484 0.4647 -0.0000 0.0000 0.0000 0.0494 -18.6441 0.0081 -15.0063 21.3461 2.8439 -0.0000 0.0000 0.0000
0.0110 30.3477 -0.1013 5.3192 25.9193 -17.9341 -0.0000 0.0000 0.0000 -0.0000 0.0000 0.0000 3.9096 20.8203 -0.7185 -0.0000 0.0000 0.0000 26.0863 -16.5236 -64.1581 -4.7433 4.4585 -86.4516 -0.0000 0.0000 0.0000 -21.6936 -19.8965 84.9417 18.7418 1.3574 8.2118 -0.0000 0.0000 0.0000 -7.8180 -33.2680 -2.3390 -1.4074 34.4412 0.4362 -0.0000 0.0000 0.0000 -1.4290 -19.9442 -0.2513 -14.5108 21.1645 2.7250 -0.0000 0.0000 0.0000
0.0087 30.3487 -0.0987 5.7375 26.9344 -16.7040 -0.0000 0.0000 0.0000 -0.0000 0.0000 0.0000 3.9288 21.2747 -0.7382 -0.0000 0.0000 0.0000 26.9808 -17.5540 -65.5294 -2.9191 2.6485 -84.4320 -0.0000 0.0000 0.0000 -24.2595 -20.0731 78.9411 16.9296 2.6631 17.7544 -0.0000 0.0000 0.0000 -9.4567 -34.1416 -2.9100 -0.1893 37.2394 0.0638 -0.0000 0.0000 0.0000 -3.0849 -21.6702 -0.5906 -12.7707 22.4602 2.5458 -0.0000 0.0000 0.0000
0.0057 30.3494 -0.0924 6.1127 28.4352 -15.4980 -0.0000 0.0000 0.0000 -0.0000 0.0000 0.0000 4.2175 21.4066 -0.7975 -0.0000 0.0000 0.0000 29.0147 -18.9013 -65.5066 0.2246 -0.1967 -82.4187 -0.0000 0.0000 0.0000 -27.6201 -20.8716 73.6870 14.4799 3.4394 26.5940 -0.0000 0.0000 0.0000 -10.6709 -33.3899 -3.2089 0.4144 40.6011 -0.1533 -0.0000 0.0000 0.0000 -3.0684 -21.0837 -0.5711 -13.1983 23.5272 2.7602 -0.0000 0.0000 0.0000
0.0025 30.3492 -0.0866 6.3652 30.4437 -12.7827 -0.0000 0.0000 0.0000 -0.0000 0.0000 0.0000 5.5412 20.3985 -0.9977 -0.0000 0.0000 0.0000 29.5922 -20.0604 -67.6136 4.6151 -3.6974 -77.3897 -0.0000 0.0000 0.0000 -30.1327 -21.6947 70.8885 11.5439 2.7771 26.9701 -0.0000 0.0000 0.0000 -12.3342 -32.7684 -3.6393 1.2027 44.2144 -0.4886 -0.0000 0.0000 0.0000 -2.2639 -21.7995 -0.4360 -19.5231 29.1234 5.1177 -0.0000 0.0000 0.0000
-0.0008 30.3476 -0.0848 6.7007 32.2968 -9.6650 -0.0000 0.0000 0.0000 -0.0000 0.0000 0.0000 6.6529 19.1586 -1.1240 -0.0000 0.0000 0.0000 29.0721 -21.1559 -71.5248 8.5389 -6.1180 -71.1932 -0.0000 0.0000 0.0000 -32.2772 -22.8094 69.7619 12.2003 2.6965 24.8392 -0.0000 0.0000 0.0000 -12.9376 -31.3378 -3.6433 0.3702 46.5434 -0.1592 -0.0000 0.0000 0.0000 -0.5167 -19.7212 -0.0898 -25.7701 32.0925 7.5286 -0.0000 0.0000 0.0000
-0.0032 30.3461 -0.0857 7.0088 33.4287 -7.1430 -0.0000 0.0000 0.0000 -0.0000 0.0000 0.0000 7.6336 18.0786 -1.2162 -0.0000 0.0000 0.0000 27.9684 -21.8176 -75.4726 10.7856 -7.0220 -66.0430 -0.0000 0.0000 0.0000 -32.8316 -24.3436 72.4168 18.7334 2.8994 17.4448 -0.0000 0.0000 0.0000 -13.0736 -29.8678 -3.5010 -0.5376 47.8081 0.2383 -0.0000 0.0000 0.0000 2.4895 -16.5421 0.3619 -33.2078 30.5887 9.3235 -0.0000 0.0000 0.0000
-0.0046 30.3440 -0.0890 7.1890 33.8302 -5.3216 -0.0000 0.0000 0.0000 -0.0000 0.0000 0.0000 8.0183 17.8564 -1.2617 -0.0000 0.0000 0.0000 26.7009 -22.0108 -78.6677 11.9238 -7.5512 -64.5790 -0.0000 0.0000 0.0000 -31.4829 -25.7271 78.0269 29.6313 0.6980 2.6385 -0.0000 0.0000 0.0000 -12.4677 -28.4717 -3.1748 -1.3355 47.2501 0.5842 -0.0000 0.0000 0.0000 5.0186 -12.8987 0.5677 -34.1397 26.1430 8.1560 -0.0000 0.0000 0.0000
-0.0058 30.3416 -0.0918 7.3388 33.0919 -4.3360 -0.0000 0.0000 0.0000 -0.0000 0.0000 0.0000 8.5960 18.5276 -1.4046 -0.0000 0.0000 0.0000 23.8905 -21.2136 -83.0293 10.6691 -7.0775 -67.0320 -0.0000 0.0000 0.0000 -27.2269 -25.6264 86.4051 48.8226 -9.6129 -20.9923 -0.0000 0.0000 0.0000 -11.8970 -28.1935 -2.9977 -1.3851 47.9864 0.6165 -0.0000 0.0000 0.0000 6.4019 -12.3204 0.6917 -32.7625 25.1663 7.5084 -0.0000 0.0000 0.0000
-0.0078 30.3382 -0.0939 7.3037 33.0393 -4.5475 -0.0000 0.0000 0.0000 -0.0000 0.0000 0.0000 8.4011 18.1586 -1.3449 -0.0000 0.0000 0.0000 25.1555 -22.4710 -83.3593 11.5341 -7.6642 -67.1070 -0.0000 0.0000 0.0000 -26.7728 -26.8890 90.2574 50.5746 -12.4140 -25.9287 -0.0000 0.0000 0.0000 -11.5196 -28.6916 -2.9554 -1.7776 50.1274 0.8314 -0.0000 0.0000 0.0000 6.9990 -12.3289 0.7569 -30.7594 25.6967 7.1798 -0.0000 0.0000 0.0000
-0.0105 30.3392 -0.0950 7.2499 34.2223 -4.1453 -0.0000 0.0000 0.0000 -0.0000 0.0000 0.0000 8.3303 17.8494 -1.3104 -0.0000 0.0000 0.0000 27.5900 -22.4554 -77.9100 14.6958 -9.7912 -67.1858 -0.0000 0.0000 0.0000 -28.3263 -27.3007 87.8021 32.5627 -6.2949 -21.3249 -0.0000 0.0000 0.0000 -10.8050 -31.7463 -3.0808 -1.6157 51.5989 0.7811 -0.0000 0.0000 0.0000 11.7986 -23.3715 2.4486 -41.0589 37.6243 14.5397 -0.0000 0.0000 0.0000
-0.0135 30.3468 -0.0909 5.9764 36.8537 -3.1122 -0.0000 0.0000 0.0000 -0.0000 0.0000 0.0000 8.4358 18.0230 -1.3402 -0.0000 0.0000 0.0000 33.8763 -22.2489 -65.6971 18.1511 -12.0217 -66.7844 -0.0000 0.0000 0.0000 -34.6713 -28.0057 77.2441 16.1395 -0.6927 -4.8830 -0.0000 0.0000 0.0000 -9.9309 -37.3602 -3.3650 1.2849 52.2361 -0.6300 -0.0000 0.0000 0.0000 11.6105 -36.5400 3.8448 -44.0519 47.2787 20.0832 -0.0000 0.0000 0.0000
-0.0133 30.3574 -0.0877 4.1411 37.8226 -1.2488 -0.0000 0.0000 0.0000 -0.0000 0.0000 0.0000 9.5519 20.0355 -1.6911 -0.0000 0.0000 0.0000 36.2173 -20.6531 -58.2518 18.7026 -12.4733 -67.1379 -0.0000 0.0000 0.0000 -35.5339 -25.9468 71.4302 1.6327 0.0028 0.1958 -0.0000 0.0000 0.0000 -10.2956 -41.3370 -3.8929 7.5570 51.4537 -3.6454 -0.0000 0.0000 0.0000 4.9666 -46.6802 2.1442 -32.3095 54.3045 16.9007 -0.0000 0.0000 0.0000
-0.0106 30.3674 -0.0857 1.8039 36.5057 1.8570 -0.0000 0.0000 0.0000 -0.0000 0.0000 0.0000 12.2937 23.6636 -2.5849 -0.0000 0.0000 0.0000 36.5371 -18.8691 -53.4389 16.8679 -13.2485 -76.1386 -0.0000 0.0000 0.0000 -34.2905 -21.5241 63.2755 -13.1257 -2.0155 17.3860 -0.0000 0.0000 0.0000 -12.5122 -43.9551 -5.0664 17.3579 49.5976 -8.0686 -0.0000 0.0000 0.0000 -8.5215 -48.3974 -3.8351 -8.4152 53.9194 4.2860 -0.0000 0.0000 0.0000
-0.0060 30.3783 -0.0890 1.2354 31.0299 1.7651 -0.0000 0.0000 0.0000 -0.0000 0.0000 0.0000 18.0020 28.3354 -4.5797 -0.0000 0.0000 0.0000 33.6310 -17.8043 -54.7947 9.2546 -9.6087 -92.1605 -0.0000 0.0000 0.0000 -23.2887 -15.1638 65.7176 -31.0495 -8.5032 29.9645 -0.0000 0.0000 0.0000 -14.2860 -42.1506 -5.5298 20.9661 45.2314 -8.8154 -0.0000 0.0000 0.0000 -18.3603 -47.6512 -8.1639 4.0168 51.5049 -1.9383 -0.0000 0.0000 0.0000
-0.0022 30.3745 -0.1099 2.9538 23.9699 -2.4949 -0.0000 0.0000 0.0000 -0.0000 0.0000 0.0000 20.3966 31.6842 -5.8447 -0.0000 0.0000 0.0000 30.3781 -17.1642 -58.1379 4.2414 -5.3765 -103.4769 -0.0000 0.0000 0.0000 -5.8175 -4.3951 74.1217 -58.8526 -16.1687 28.2681 -0.0000 0.0000 0.0000 -11.7002 -36.3456 -3.8526 16.6212 48.6532 -7.5562 -0.0000 0.0000 0.0000 -22.4679 -38.6003 -7.9578 10.3288 50.5684 -4.8892 -0.0000 0.0000 0.0000
0.0078 30.3571 -0.1293 5.7167 15.4979 -8.0406 -0.0000 0.0000 0.0000 -0.0000 0.0000 0.0000 19.4236 36.3873 -6.4388 -0.0000 0.0000 0.0000 24.5139 -14.9137 -62.1359 -0.8861 1.3049 -111.6451 -0.0000 0.0000 0.0000 19.3376 14.9165 75.0760 -94.5164 -35.0531 32.5394 -0.0000 0.0000 0.0000 -5.4642 -28.5387 -1.3907 20.8504 58.3520 -11.7305 -0.0000 0.0000 0.0000 -15.2936 -28.6469 -3.9268 12.2780 61.6760 -7.3483 -0.0000 0.0000 0.0000
0.0197 30.3344 -0.1404 7.7240 8.9953 -12.7404 -0.0000 0.0000 0.0000 -0.0000 0.0000 0.0000 15.1176 39.9329 -5.5201 -0.0000 0.0000 0.0000 21.1892 -13.4594 -64.4914 -3.9631 6.3896 -116.4152 -0.0000 0.0000 0.0000 91.3316 24.3574 23.8139 -25.4924 -46.6222 124.6040 -0.0000 0.0000 0.0000 0.5045 -21.7221 0.0968 48.1143 66.8797 -32.8519 -0.0000 0.0000 0.0000 -8.7716 -12.3552 -0.9513 28.8521 68.6464 -19.9226 -0.0000 0.0000 0.0000
0.0114 30.3357 -0.1425 14.0223 3.5461 -14.6310 -0.0000 0.0000 0.0000 -0.0000 0.0000 0.0000 10.0515 38.3462 -3.5029 -0.0000 0.0000 0.0000 23.1921 -15.0157 -65.4223 -0.2275 0.3611 -115.5718 -0.0000 0.0000 0.0000 -28.0377 19.0569 -67.8243 -14.9918 -62.8372 155.6878 -0.0000 0.0000 0.0000 4.6435 -15.2116 0.6204 64.0511 55.8996 -36.7196 -0.0000 0.0000 0.0000 -5.2439 5.0072 0.2294 43.8156 50.1903 -21.3325 -0.0000 0.0000 0.0000
0.0541 30.2868 -0.1539 5.8575 0.4160 -20.9377 -0.0000 0.0000 0.0000 -0.0000 0.0000 0.0000 -0.0856 45.3698 0.0358 -0.0000 0.0000 0.0000 11.7022 -7.6759 -66.4205 -13.6631 25.9559 -125.0663 -0.0000 0.0000 0.0000 -0.0840 0.1166 -108.4850 6.4837 -47.4255 -165.3040 -0.0000 0.0000 0.0000 11.4734 -11.0175 1.1102 102.6276 64.6644 -76.6494 -0.0000 0.0000 0.0000 0.9548 18.5863 -0.1562 53.2142 63.1983 -34.2540 -0.0000 0.0000 0.0000
0.1196 30.2163 -0.1406 -21.3355 -1.9737 -15.3952 -0.0000 0.0000 0.0000 -0.0000 0.0000 0.0000 7.4983 75.6885 -5.8289 -0.0000 0.0000 0.0000 3.1186 -3.9575 -103.5298 -69.8407 60.0027 -79.1836 -0.0000 0.0000 0.0000 54.7514 -57.7294 -93.5804 156.3286 33.3101 7.1746 -0.0000 0.0000 0.0000 10.6071 -10.2221 0.9514 171.0593 30.6862 -148.1912 -0.0000 0.0000 0.0000 20.4114 27.1849 -4.9849 175.5768 59.0871 -172.2040 -0.0000 0.0000 0.0000
0.1720 30.1303 -0.1224 -66.0197 2.1545 21.8371 -0.0000 0.0000 0.0000 -0.0000 0.0000 0.0000 58.0921 64.2300 -38.4350 -0.0000 0.0000 0.0000 5.8579 -27.8039 -156.6411 -62.8032 54.6112 -80.4438 -0.0000 0.0000 0.0000 135.7191 -34.2341 -14.2845 -82.4096 -72.1646 79.5407 -0.0000 0.0000 0.0000 -6.3384 -19.6620 -1.0995 175.9573 41.5650 -169.3738 -0.0000 0.0000 0.0000 31.3695 12.5847 -3.5469 -160.4129 62.8182 148.4303 -0.0000 0.0000 0.0000
0.2073 30.0504 -0.0949 -94.3113 5.0669 51.4705 -0.0000 0.0000 0.0000 -0.0000 0.0000 0.0000 23.2411 26.6256 -5.5717 -0.0000 0.0000 0.0000 169.0021 22.2727 2.1714 113.2487 55.2912 38.0754 -0.0000 0.0000 0.0000 110.0698 -62.8623 -46.2815 -15.4858 -39.1456 138.1447 -0.0000 0.0000 0.0000 -4.9348 -18.9549 -0.8243 54.5189 46.8838 -25.1876 -0.0000 0.0000 0.0000 20.6521 -3.4778 0.6338 13.5907 62.1494 -8.2148 -0.0000 0.0000 0.0000
0.2107 30.0058 -0.0678 -104.9483 7.6313 58.3955 -0.0000 0.0000 0.0000 -0.0000 0.0000 0.0000 13.0000 16.0641 -1.8422 -0.0000 0.0000 0.0000 162.5748 43.5273 7.0021 63.5265 64.3381 90.9035 -0.0000 0.0000 0.0000 -23.7955 -6.9655 32.2238 150.7073 13.8290 3.6306 -0.0000 0.0000 0.0000 -0.8054 -21.1542 -0.1504 26.1691 18.8451 -4.4178 -0.0000 0.0000 0.0000 10.2794 -13.9066 1.2570 23.0359 39.5628 -8.3834 -0.0000 0.0000 0.0000
0.1697 30.0228 -0.0486 -104.8558 12.0129 64.4161 -0.0000 0.0000 0.0000 -0.0000 0.0000 0.0000 16.4513 19.1618 -2.7956 -0.0000 0.0000 0.0000 -155.7726 9.8102 -2.1105 111.8555 4.2263 2.8592 -0.0000 0.0000 0.0000 24.0606 9.4124 42.2427 109.6688 -12.0135 -8.4794 -0.0000 0.0000 0.0000 -5.7966 -27.6281 -1.4264 39.8268 19.2850 -7.0440 -0.0000 0.0000 0.0000 4.0456 -24.0967 0.8638 42.7360 41.2858 -16.7696 -0.0000 0.0000 0.0000
0.1652 30.0215 -0.0593 -104.7196 12.7765 61.9823 -0.0000 0.0000 0.0000 -0.0000 0.0000 0.0000 20.3232 13.2036 -2.3768 -0.0000 0.0000 0.0000 -143.4436 51.5325 -18.1171 52.0346 38.8592 71.7085 -0.0000 0.0000 0.0000 29.3560 15.4817 54.8541 97.3969 -27.0563 -23.8712 -0.0000 0.0000 0.0000 -5.7739 -33.3507 -1.7309 41.3271 19.6156 -7.4604 -0.0000 0.0000 0.0000 6.7164 -27.3993 1.6390 38.4315 42.5261 -15.4481 -0.0000 0.0000 0.0000
0.1703 30.0231 -0.0593 -104.1044 11.9393 62.0973 -0.0000 0.0000 0.0000 -0.0000 0.0000 0.0000 19.4058 15.5070 -2.6673 -0.0000 0.0000 0.0000 -153.9084 40.8031 -9.8511 78.9235 41.6927 49.6471 -0.0000 0.0000 0.0000 30.1955 14.5929 50.7791 103.4592 -25.8523 -20.5261 -0.0000 0.0000 0.0000 -5.6071 -30.7738 -1.5442 41.2588 20.7750 -7.8953 -0.0000 0.0000 0.0000 7.1188 -24.8174 1.5682 38.4743 43.1971 -15.7318 -0.0000 0.0000 0.0000
0.1703 30.0231 -0.0593 -104.1044 11.9393 62.0973 -0.0000 0.0000 0.0000 -0.0000 0.0000 0.0000 19.4058 15.5070 -2.6673 -0.0000 0.0000 0.0000 -153.9084 40.8031 -9.8511 78.9235 41.6927 49.6471 -0.0000 0.0000 0.0000 30.1955 14.5929 50.7791 103.4592 -25.8523 -20.5261 -0.0000 0.0000 0.0000 -5.6071 -30.7738 -1.5442 41.2588 20.7750 -7.8953 -0.0000 0.0000 0.0000 7.1188 -24.8174 1.5682 38.4743 43.1971 -15.7318 -0.0000 0.0000 0.0000
0.1703 30.0231 -0.0593 -104.1044 11.9393 62.0973 -0.0000 0.0000 0.0000 -0.0000 0.0000 0.0000 19.4058 15.5070 -2.6673 -0.0000 0.0000 0.0000 -153.9084 40.8031 -9.8511 78.9235 41.6927 49.6471 -0.0000 0.0000 0.0000 30.1955 14.5929 50.7791 103.4592 -25.8523 -20.5261 -0.0000 0.0000 0.0000 -5.6071 -30.7738 -1.5442 41.2588 20.7750 -7.8953 -0.0000 0.0000 0.0000 7.1188 -24.8174 1.5682 38.4743 43.1971 -15.7318 -0.0000 0.0000 0.0000
0.1703 30.0231 -0.0593 -104.1044 11.9393 62.0973 -0.0000 0.0000 0.0000 -0.0000 0.0000 0.0000 19.4058 15.5070 -2.6673 -0.0000 0.0000 0.0000 -153.9084 40.8031 -9.8511 78.9235 41.6927 49.6471 -0.0000 0.0000 0.0000 30.1955 14.5929 50.7791 103.4592 -25.8523 -20.5261 -0.0000 0.0000 0.0000 -5.6071 -30.7738 -1.5442 41.2588 20.7750 -7.8953 -0.0000 0.0000 0.0000 7.1188 -24.8174 1.5682 38.4743 43.1971 -15.7318 -0.0000 0.0000 0.0000
0.1703 30.0231 -0.0593 -104.1044 11.9393 62.0973 -0.0000 0.0000 0.0000 -0.0000 0.0000 0.0000 19.4058 15.5070 -2.6673 -0.0000 0.0000 0.0000 -153.9084 40.8031 -9.8511 78.9235 41.6927 49.6471 -0.0000 0.0000 0.0000 30.1955 14.5929 50.7791 103.4592 -25.8523 -20.5261 -0.0000 0.0000 0.0000 -5.6071 -30.7738 -1.5442 41.2588 20.7750 -7.8953 -0.0000 0.0000 0.0000 7.1188 -24.8174 1.5682 38.4743 43.1971 -15.7318 -0.0000 0.0000 0.0000
0.1703 30.0231 -0.0593 -104.1044 11.9393 62.0973 -0.0000 0.0000 0.0000 -0.0000 0.0000 0.0000 19.4058 15.5070 -2.6673 -0.0000 0.0000 0.0000 -153.9084 40.8031 -9.8511 78.9235 41.6927 49.6471 -0.0000 0.0000 0.0000 30.1955 14.5929 50.7791 103.4592 -25.8523 -20.5261 -0.0000 0.0000 0.0000 -5.6071 -30.7738 -1.5442 41.2588 20.7750 -7.8953 -0.0000 0.0000 0.0000 7.1188 -24.8174 1.5682 38.4743 43.1971 -15.7318 -0.0000 0.0000 0.0000
0.1703 30.0231 -0.0593 -104.1044 11.9393 62.0973 -0.0000 0.0000 0.0000 -0.0000 0.0000 0.0000 19.4058 15.5070 -2.6673 -0.0000 0.0000 0.0000 -153.9084 40.8031 -9.8511 78.9235 41.6927 49.6471 -0.0000 0.0000 0.0000 30.1955 14.5929 50.7791 103.4592 -25.8523 -20.5261 -0.0000 0.0000 0.0000 -5.6071 -30.7738 -1.5442 41.2588 20.7750 -7.8953 -0.0000 0.0000 0.0000 7.1188 -24.8174 1.5682 38.4743 43.1971 -15.7318 -0.0000 0.0000 0.0000
0.1703 30.0231 -0.0593 -104.1044 11.9393 62.0973 -0.0000 0.0000 0.0000 -0.0000 0.0000 0.0000 19.4058 15.5070 -2.6673 -0.0000 0.0000 0.0000 -153.9084 40.8031 -9.8511 78.9235 41.6927 49.6471 -0.0000 0.0000 0.0000 30.1955 14.5929 50.7791 103.4592 -25.8523 -20.5261 -0.0000 0.0000 0.0000 -5.6071 -30.7738 -1.5442 41.2588 20.7750 -7.8953 -0.0000 0.0000 0.0000 7.1188 -24.8174 1.5682 38.4743 43.1971 -15.7318 -0.0000 0.0000 0.0000
0.1703 30.0231 -0.0593 -104.1044 11.9393 62.0973 -0.0000 0.0000 0.0000 -0.0000 0.0000 0.0000 19.4058 15.5070 -2.6673 -0.0000 0.0000 0.0000 -153.9084 40.8031 -9.8511 78.9235 41.6927 49.6471 -0.0000 0.0000 0.0000 30.1955 14.5929 50.7791 103.4592 -25.8523 -20.5261 -0.0000 0.0000 0.0000 -5.6071 -30.7738 -1.5442 41.2588 20.7750 -7.8953 -0.0000 0.0000 0.0000 7.1188 -24.8174 1.5682 38.4743 43.1971 -15.7318 -0.0000 0.0000 0.0000
0.1703 30.0231 -0.0593 -104.1044 11.9393 62.0973 -0.0000 0.0000 0.0000 -0.0000 0.0000 0.0000 19.4058 15.5070 -2.6673 -0.0000 0.0000 0.0000 -153.9084 40.8031 -9.8511 78.9235 41.6927 49.6471 -0.0000 0.0000 0.0000 30.1955 14.5929 50.7791 103.4592 -25.8523 -20.5261 -0.0000 0.0000 0.0000 -5.6071 -30.7738 -1.5442 41.2588 20.7750 -7.8953 -0.0000 0.0000 0.0000 7.1188 -24.8174 1.5682 38.4743 43.1971 -15.7318 -0.0000 0.0000 0.0000
0.1703 30.0231 -0.0593 -104.1044 11.9393 62.0973 -0.0000 0.0000 0.0000 -0.0000 0.0000 0.0000 19.4058 15.5070 -2.6673 -0.0000 0.0000 0.0000 -153.9084 40.8031 -9.8511 78.9235 41.6927 49.6471 -0.0000 0.0000 0.0000 30.1955 14.5929 50.7791 103.4592 -25.8523 -20.5261 -0.0000 0.0000 0.0000 -5.6071 -30.7738 -1.5442 41.2588 20.7750 -7.8953 -0.0000 0.0000 0.0000 7.1188 -24.8174 1.5682 38.4743 43.1971 -15.7318 -0.0000 0.0000 0.0000
0.1703 30.0231 -0.0593 -104.1044 11.9393 62.0973 -0.0000 0.0000 0.0000 -0.0000 0.0000 0.0000 19.4058 15.5070 -2.6673 -0.0000 0.0000 0.0000 -153.9084 40.8031 -9.8511 78.9235 41.6927 49.6471 -0.0000 0.0000 0.0000 30.1955 14.5929 50.7791 103.4592 -25.8523 -20.5261 -0.0000 0.0000 0.0000 -5.6071 -30.7738 -1.5442 41.2588 20.7750 -7.8953 -0.0000 0.0000 0.0000 7.1188 -24.8174 1.5682 38.4743 43.1971 -15.7318 -0.0000 0.0000 0.0000
0.1703 30.0231 -0.0593 -104.1044 11.9393 62.0973 -0.0000 0.0000 0.0000 -0.0000 0.0000 0.0000 19.4058 15.5070 -2.6673 -0.0000 0.0000 0.0000 -153.9084 40.8031 -9.8511 78.9235 41.6927 49.6471 -0.0000 0.0000 0.0000 30.1955 14.5929 50.7791 103.4592 -25.8523 -20.5261 -0.0000 0.0000 0.0000 -5.6071 -30.7738 -1.5442 41.2588 20.7750 -7.8953 -0.0000 0.0000 0.0000 7.1188 -24.8174 1.5682 38.4743 43.1971 -15.7318 -0.0000 0.0000 0.0000
0.1703 30.0231 -0.0593 -104.1044 11.9393 62.0973 -0.0000 0.0000 0.0000 -0.0000 0.0000 0.0000 19.4058 15.5070 -2.6673 -0.0000 0.0000 0.0000 -153.9084 40.8031 -9.8511 78.9235 41.6927 49.6471 -0.0000 0.0000 0.0000 30.1955 14.5929 50.7791 103.4592 -25.8523 -20.5261 -0.0000 0.0000 0.0000 -5.6071 -30.7738 -1.5442 41.2588 20.7750 -7.8953 -0.0000 0.0000 0.0000 7.1188 -24.8174 1.5682 38.4743 43.1971 -15.7318 -0.0000 0.0000 0.0000
0.1703 30.0231 -0.0593 -104.1044 11.9393 62.0973 -0.0000 0.0000 0.0000 -0.0000 0.0000 0.0000 19.4058 15.5070 -2.6673 -0.0000 0.0000 0.0000 -153.9084 40.8031 -9.8511 78.9235 41.6927 49.6471 -0.0000 0.0000 0.0000 30.1955 14.5929 50.7791 103.4592 -25.8523 -20.5261 -0.0000 0.0000 0.0000 -5.6071 -30.7738 -1.5442 41.2588 20.7750 -7.8953 -0.0000 0.0000 0.0000 7.1188 -24.8174 1.5682 38.4743 43.1971 -15.7318 -0.0000 0.0000 0.0000
0.1703 30.0231 -0.0593 -104.1044 11.9393 62.0973 -0.0000 0.0000 0.0000 -0.0000 0.0000 0.0000 19.4058 15.5070 -2.6673 -0.0000 0.0000 0.0000 -153.9084 40.8031 -9.8511 78.9235 41.6927 49.6471 -0.0000 0.0000 0.0000 30.1955 14.5929 50.7791 103.4592 -25.8523 -20.5261 -0.0000 0.0000 0.0000 -5.6071 -30.7738 -1.5442 41.2588 20.7750 -7.8953 -0.0000 0.0000 0.0000 7.1188 -24.8174 1.5682 38.4743 43.1971 -15.7318 -0.0000 0.0000 0.0000
0.1703 30.0231 -0.0593 -104.1044 11.9393 62.0973 -0.0000 0.0000 0.0000 -0.0000 0.0000 0.0000 19.4058 15.5070 -2.6673 -0.0000 0.0000 0.0000 -153.9084 40.8031 -9.8511 78.9235 41.6927 49.6471 -0.0000 0.0000 0.0000 30.1955 14.5929 50.7791 103.4592 -25.8523 -20.5261 -0.0000 0.0000 0.0000 -5.6071 -30.7738 -1.5442 41.2588 20.7750 -7.8953 -0.0000 0.0000 0.0000 7.1188 -24.8174 1.5682 38.4743 43.1971 -15.7318 -0.0000 0.0000 0.0000
0.1703 30.0231 -0.0593 -104.1044 11.9393 62.0973 -0.0000 0.0000 0.0000 -0.0000 0.0000 0.0000 19.4058 15.5070 -2.6673 -0.0000 0.0000 0.0000 -153.9084 40.8031 -9.8511 78.9235 41.6927 49.6471 -0.0000 0.0000 0.0000 30.1955 14.5929 50.7791 103.4592 -25.8523 -20.5261 -0.0000 0.0000 0.0000 -5.6071 -30.7738 -1.5442 41.2588 20.7750 -7.8953 -0.0000 0.0000 0.0000 7.1188 -24.8174 1.5682 38.4743 43.1971 -15.7318 -0.0000 0.0000 0.0000
0.1703 30.0231 -0.0593 -104.1044 11.9393 62.0973 -0.0000 0.0000 0.0000 -0.0000 0.0000 0.0000 19.4058 15.5070 -2.6673 -0.0000 0.0000 0.0000 -153.9084 40.8031 -9.8511 78.9235 41.6927 49.6471 -0.0000 0.0000 0.0000 30.1955 14.5929 50.7791 103.4592 -25.8523 -20.5261 -0.0000 0.0000 0.0000 -5.6071 -30.7738 -1.5442 41.2588 20.7750 -7.8953 -0.0000 0.0000 0.0000 7.1188 -24.8174 1.5682 38.4743 43.1971 -15.7318 -0.0000 0.0000 0.0000
0.1703 30.0231 -0.0593 -104.1044 11.9393 62.0973 -0.0000 0.0000 0.0000 -0.0000 0.0000 0.0000 19.4058 15.5070 -2.6673 -0.0000 0.0000 0.0000 -153.9084 40.8031 -9.8511 78.9235 41.6927 49.6471 -0.0000 0.0000 0.0000 30.1955 14.5929 50.7791 103.4592 -25.8523 -20.5261 -0.0000 0.0000 0.0000 -5.6071 -30.7738 -1.5442 41.2588 20.7750 -7.8953 -0.0000 0.0000 0.0000 7.1188 -24.8174 1.5682 38.4743 43.1971 -15.7318 -0.0000 0.0000 0.0000
0.1703 30.0231 -0.0593 -104.1044 11.9393 62.0973 -0.0000 0.0000 0.0000 -0.0000 0.0000 0.0000 19.4058 15.5070 -2.6673 -0.0000 0.0000 0.0000 -153.9084 40.8031 -9.8511 78.9235 41.6927 49.6471 -0.0000 0.0000 0.0000 30.1955 14.5929 50.7791 103.4592 -25.8523 -20.5261 -0.0000 0.0000 0.0000 -5.6071 -30.7738 -1.5442 41.2588 20.7750 -7.8953 -0.0000 0.0000 0.0000 7.1188 -24.8174 1.5682 38.4743 43.1971 -15.7318 -0.0000 0.0000 0.0000
0.1703 30.0231 -0.0593 -104.1044 11.9393 62.0973 -0.0000 0.0000 0.0000 -0.0000 0.0000 0.0000 19.4058 15.5070 -2.6673 -0.0000 0.0000 0.0000 -153.9084 40.8031 -9.8511 78.9235 41.6927 49.6471 -0.0000 0.0000 0.0000 30.1955 14.5929 50.7791 103.4592 -25.8523 -20.5261 -0.0000 0.0000 0.0000 -5.6071 -30.7738 -1.5442 41.2588 20.7750 -7.8953 -0.0000 0.0000 0.0000 7.1188 -24.8174 1.5682 38.4743 43.1971 -15.7318 -0.0000 0.0000 0.0000
0.1703 30.0231 -0.0593 -104.1044 11.9393 62.0973 -0.0000 0.0000 0.0000 -0.0000 0.0000 0.0000 19.4058 15.5070 -2.6673 -0.0000 0.0000 0.0000 -153.9084 40.8031 -9.8511 78.9235 41.6927 49.6471 -0.0000 0.0000 0.0000 30.1955 14.5929 50.7791 103.4592 -25.8523 -20.5261 -0.0000 0.0000 0.0000 -5.6071 -30.7738 -1.5442 41.2588 20.7750 -7.8953 -0.0000 0.0000 0.0000 7.1188 -24.8174 1.5682 38.4743 43.1971 -15.7318 -0.0000 0.0000 0.0000
0.1703 30.0231 -0.0593 -104.1044 11.9393 62.0973 -0.0000 0.0000 0.0000 -0.0000 0.0000 0.0000 19.4058 15.5070 -2.6673 -0.0000 0.0000 0.0000 -153.9084 40.8031 -9.8511 78.9235 41.6927 49.6471 -0.0000 0.0000 0.0000 30.1955 14.5929 50.7791 103.4592 -25.8523 -20.5261 -0.0000 0.0000 0.0000 -5.6071 -30.7738 -1.5442 41.2588 20.7750 -7.8953 -0.0000 0.0000 0.0000 7.1188 -24.8174 1.5682 38.4743 43.1971 -15.7318 -0.0000 0.0000 0.0000
0.1703 30.0231 -0.0593 -104.1044 11.9393 62.0973 -0.0000 0.0000 0.0000 -0.0000 0.0000 0.0000 19.4058 15.5070 -2.6673 -0.0000 0.0000 0.0000 -153.9084 40.8031 -9.8511 78.9235 41.6927 49.6471 -0.0000 0.0000 0.0000 30.1955 14.5929 50.7791 103.4592 -25.8523 -20.5261 -0.0000 0.0000 0.0000 -5.6071 -30.7738 -1.5442 41.2588 20.7750 -7.8953 -0.0000 0.0000 0.0000 7.1188 -24.8174 1.5682 38.4743 43.1971 -15.7318 -0.0000 0.0000 0.0000
0.1703 30.0231 -0.0593 -104.1044 11.9393 62.0973 -0.0000 0.0000 0.0000 -0.0000 0.0000 0.0000 19.4058 15.5070 -2.6673 -0.0000 0.0000 0.0000 -153.9084 40.8031 -9.8511 78.9235 41.6927 49.6471 -0.0000 0.0000 0.0000 30.1955 14.5929 50.7791 103.4592 -25.8523 -20.5261 -0.0000 0.0000 0.0000 -5.6071 -30.7738 -1.5442 41.2588 20.7750 -7.8953 -0.0000 0.0000 0.0000 7.1188 -24.8174 1.5682 38.4743 43.1971 -15.7318 -0.0000 0.0000 0.0000
0.1703 30.0231 -0.0593 -104.1044 11.9393 62.0973 -0.0000 0.0000 0.0000 -0.0000 0.0000 0.0000 19.4058 15.5070 -2.6673 -0.0000 0.0000 0.0000 -153.9084 40.8031 -9.8511 78.9235 41.6927 49.6471 -0.0000 0.0000 0.0000 30.1955 14.5929 50.7791 103.4592 -25.8523 -20.5261 -0.0000 0.0000 0.0000 -5.6071 -30.7738 -1.5442 41.2588 20.7750 -7.8953 -0.0000 0.0000 0.0000 7.1188 -24.8174 1.5682 38.4743 43.1971 -15.7318 -0.0000 0.0000 0.0000
0.1703 30.0231 -0.0593 -104.1044 11.9393 62.0973 -0.0000 0.0000 0.0000 -0.0000 0.0000 0.0000 19.4058 15.5070 -2.6673 -0.0000 0.0000 0.0000 -153.9084 40.8031 -9.8511 78.9235 41.6927 49.6471 -0.0000 0.0000 0.0000 30.1955 14.5929 50.7791 103.4592 -25.8523 -20.5261 -0.0000 0.0000 0.0000 -5.6071 -30.7738 -1.5442 41.2588 20.7750 -7.8953 -0.0000 0.0000 0.0000 7.1188 -24.8174 1.5682 38.4743 43.1971 -15.7318 -0.0000 0.0000 0.0000
0.1703 30.0231 -0.0593 -104.1044 11.9393 62.0973 -0.0000 0.0000 0.0000 -0.0000 0.0000 0.0000 19.4058 15.5070 -2.6673 -0.0000 0.0000 0.0000 -153.9084 40.8031 -9.8511 78.9235 41.6927 49.6471 -0.0000 0.0000 0.0000 30.1955 14.5929 50.7791 103.4592 -25.8523 -20.5261 -0.0000 0.0000 0.0000 -5.6071 -30.7738 -1.5442 41.2588 20.7750 -7.8953 -0.0000 0.0000 0.0000 7.1188 -24.8174 1.5682 38.4743 43.1971 -15.7318 -0.0000 0.0000 0.0000
0.1703 30.0231 -0.0593 -104.1044 11.9393 62.0973 -0.0000 0.0000 0.0000 -0.0000 0.0000 0.0000 19.4058 15.5070 -2.6673 -0.0000 0.0000 0.0000 -153.9084 40.8031 -9.8511 78.9235 41.6927 49.6471 -0.0000 0.0000 0.0000 30.1955 14.5929 50.7791 103.4592 -25.8523 -20.5261 -0.0000 0.0000 0.0000 -5.6071 -30.7738 -1.5442 41.2588 20.7750 -7.8953 -0.0000 0.0000 0.0000 7.1188 -24.8174 1.5682 38.4743 43.1971 -15.7318 -0.0000 0.0000 0.0000
0.1703 30.0231 -0.0593 -104.1044 11.9393 62.0973 -0.0000 0.0000 0.0000 -0.0000 0.0000 0.0000 19.4058 15.5070 -2.6673 -0.0000 0.0000 0.0000 -153.9084 40.8031 -9.8511 78.9235 41.6927 49.6471 -0.0000 0.0000 0.0000 30.1955 14.5929 50.7791 103.4592 -25.8523 -20.5261 -0.0000 0.0000 0.0000 -5.6071 -30.7738 -1.5442 41.2588 20.7750 -7.8953 -0.0000 0.0000 0.0000 7.1188 -24.8174 1.5682 38.4743 43.1971 -15.7318 -0.0000 0.0000 0.0000
0.1703 30.0231 -0.0593 -104.1044 11.9393 62.0973 -0.0000 0.0000 0.0000 -0.0000 0.0000 0.0000 19.4058 15.5070 -2.6673 -0.0000 0.0000 0.0000 -153.9084 40.8031 -9.8511 78.9235 41.6927 49.6471 -0.0000 0.0000 0.0000 30.1955 14.5929 50.7791 103.4592 -25.8523 -20.5261 -0.0000 0.0000 0.0000 -5.6071 -30.7738 -1.5442 41.2588 20.7750 -7.8953 -0.0000 0.0000 0.0000 7.1188 -24.8174 1.5682 38.4743 43.1971 -15.7318 -0.0000 0.0000 0.0000
0.1703 30.0231 -0.0593 -104.1044 11.9393 62.0973 -0.0000 0.0000 0.0000 -0.0000 0.0000 0.0000 19.4058 15.5070 -2.6673 -0.0000 0.0000 0.0000 -153.9084 40.8031 -9.8511 78.9235 41.6927 49.6471 -0.0000 0.0000 0.0000 30.1955 14.5929 50.7791 103.4592 -25.8523 -20.5261 -0.0000 0.0000 0.0000 -5.6071 -30.7738 -1.5442 41.2588 20.7750 -7.8953 -0.0000 0.0000 0.0000 7.1188 -24.8174 1.5682 38.4743 43.1971 -15.7318 -0.0000 0.0000 0.0000
0.1703 30.0231 -0.0593 -104.1044 11.9393 62.0973 -0.0000 0.0000 0.0000 -0.0000 0.0000 0.0000 19.4058 15.5070 -2.6673 -0.0000 0.0000 0.0000 -153.9084 40.8031 -9.8511 78.9235 41.6927 49.6471 -0.0000 0.0000 0.0000 30.1955 14.5929 50.7791 103.4592 -25.8523 -20.5261 -0.0000 0.0000 0.0000 -5.6071 -30.7738 -1.5442 41.2588 20.7750 -7.8953 -0.0000 0.0000 0.0000 7.1188 -24.8174 1.5682 38.4743 43.1971 -15.7318 -0.0000 0.0000 0.0000
0.1703 30.0231 -0.0593 -104.1044 11.9393 62.0973 -0.0000 0.0000 0.0000 -0.0000 0.0000 0.0000 19.4058 15.5070 -2.6673 -0.0000 0.0000 0.0000 -153.9084 40.8031 -9.8511 78.9235 41.6927 49.6471 -0.0000 0.0000 0.0000 30.1955 14.5929 50.7791 103.4592 -25.8523 -20.5261 -0.0000 0.0000 0.0000 -5.6071 -30.7738 -1.5442 41.2588 20.7750 -7.8953 -0.0000 0.0000 0.0000 7.1188 -24.8174 1.5682 38.4743 43.1971 -15.7318 -0.0000 0.0000 0.0000
0.1703 30.0231 -0.0593 -104.1044 11.9393 62.0973 -0.0000 0.0000 0.0000 -0.0000 0.0000 0.0000 19.4058 15.5070 -2.6673 -0.0000 0.0000 0.0000 -153.9084 40.8031 -9.8511 78.9235 41.6927 49.6471 -0.0000 0.0000 0.0000 30.1955 14.5929 50.7791 103.4592 -25.8523 -20.5261 -0.0000 0.0000 0.0000 -5.6071 -30.7738 -1.5442 41.2588 20.7750 -7.8953 -0.0000 0.0000 0.0000 7.1188 -24.8174 1.5682 38.4743 43.1971 -15.7318 -0.0000 0.0000 0.0000
0.1703 30.0231 -0.0593 -104.1044 11.9393 62.0973 -0.0000 0.0000 0.0000 -0.0000 0.0000 0.0000 19.4058 15.5070 -2.6673 -0.0000 0.0000 0.0000 -153.9084 40.8031 -9.8511 78.9235 41.6927 49.6471 -0.0000 0.0000 0.0000 30.1955 14.5929 50.7791 103.4592 -25.8523 -20.5261 -0.0000 0.0000 0.0000 -5.6071 -30.7738 -1.5442 41.2588 20.7750 -7.8953 -0.0000 0.0000 0.0000 7.1188 -24.8174 1.5682 38.4743 43.1971 -15.7318 -0.0000 0.0000 0.0000
0.1703 30.0231 -0.0593 -104.1044 11.9393 62.0973 -0.0000 0.0000 0.0000 -0.0000 0.0000 0.0000 19.4058 15.5070 -2.6673 -0.0000 0.0000 0.0000 -153.9084 40.8031 -9.8511 78.9235 41.6927 49.6471 -0.0000 0.0000 0.0000 30.1955 14.5929 50.7791 103.4592 -25.8523 -20.5261 -0.0000 0.0000 0.0000 -5.6071 -30.7738 -1.5442 41.2588 20.7750 -7.8953 -0.0000 0.0000 0.0000 7.1188 -24.8174 1.5682 38.4743 43.1971 -15.7318 -0.0000 0.0000 0.0000
0.1703 30.0231 -0.0593 -104.1044 11.9393 62.0973 -0.0000 0.0000 0.0000 -0.0000 0.0000 0.0000 19.4058 15.5070 -2.6673 -0.0000 0.0000 0.0000 -153.9084 40.8031 -9.8511 78.9235 41.6927 49.6471 -0.0000 0.0000 0.0000 30.1955 14.5929 50.7791 103.4592 -25.8523 -20.5261 -0.0000 0.0000 0.0000 -5.6071 -30.7738 -1.5442 41.2588 20.7750 -7.8953 -0.0000 0.0000 0.0000 7.1188 -24.8174 1.5682 38.4743 43.1971 -15.7318 -0.0000 0.0000 0.0000
0.1703 30.0231 -0.0593 -104.1044 11.9393 62.0973 -0.0000 0.0000 0.0000 -0.0000 0.0000 0.0000 19.4058 15.5070 -2.6673 -0.0000 0.0000 0.0000 -153.9084 40.8031 -9.8511 78.9235 41.6927 49.6471 -0.0000 0.0000 0.0000 30.1955 14.5929 50.7791 103.4592 -25.8523 -20.5261 -0.0000 0.0000 0.0000 -5.6071 -30.7738 -1.5442 41.2588 20.7750 -7.8953 -0.0000 0.0000 0.0000 7.1188 -24.8174 1.5682 38.4743 43.1971 -15.7318 -0.0000 0.0000 0.0000
0.1703 30.0231 -0.0593 -104.1044 11.9393 62.0973 -0.0000 0.0000 0.0000 -0.0000 0.0000 0.0000 19.4058 15.5070 -2.6673 -0.0000 0.0000 0.0000 -153.9084 40.8031 -9.8511 78.9235 41.6927 49.6471 -0.0000 0.0000 0.0000 30.1955 14.5929 50.7791 103.4592 -25.8523 -20.5261 -0.0000 0.0000 0.0000 -5.6071 -30.7738 -1.5442 41.2588 20.7750 -7.8953 -0.0000 0.0000 0.0000 7.1188 -24.8174 1.5682 38.4743 43.1971 -15.7318 -0.0000 0.0000 0.0000
0.1703 30.0231 -0.0593 -104.1044 11.9393 62.0973 -0.0000 0.0000 0.0000 -0.0000 0.0000 0.0000 19.4058 15.5070 -2.6673 -0.0000 0.0000 0.0000 -153.9084 40.8031 -9.8511 78.9235 41.6927 49.6471 -0.0000 0.0000 0.0000 30.1955 14.5929 50.7791 103.4592 -25.8523 -20.5261 -0.0000 0.0000 0.0000 -5.6071 -30.7738 -1.5442 41.2588 20.7750 -7.8953 -0.0000 0.0000 0.0000 7.1188 -24.8174 1.5682 38.4743 43.1971 -15.7318 -0.0000 0.0000 0.0000
0.1703 30.0231 -0.0593 -104.1044 11.9393 62.0973 -0.0000 0.0000 0.0000 -0.0000 0.0000 0.0000 19.4058 15.5070 -2.6673 -0.0000 0.0000 0.0000 -153.9084 40.8031 -9.8511 78.9235 41.6927 49.6471 -0.0000 0.0000 0.0000 30.1955 14.5929 50.7791 103.4592 -25.8523 -20.5261 -0.0000 0.0000 0.0000 -5.6071 -30.7738 -1.5442 41.2588 20.7750 -7.8953 -0.0000 0.0000 0.0000 7.1188 -24.8174 1.5682 38.4743 43.1971 -15.7318 -0.0000 0.0000 0.0000
0.1703 30.0231 -0.0593 -104.1044 11.9393 62.0973 -0.0000 0.0000 0.0000 -0.0000 0.0000 0.0000 19.4058 15.5070 -2.6673 -0.0000 0.0000 0.0000 -153.9084 40.8031 -9.8511 78.9235 41.6927 49.6471 -0.0000 0.0000 0.0000 30.1955 14.5929 50.7791 103.4592 -25.8523 -20.5261 -0.0000 0.0000 0.0000 -5.6071 -30.7738 -1.5442 41.2588 20.7750 -7.8953 -0.0000 0.0000 0.0000 7.1188 -24.8174 1.5682 38.4743 43.1971 -15.7318 -0.0000 0.0000 0.0000
0.1703 30.0231 -0.0593 -104.1044 11.9393 62.0973 -0.0000 0.0000 0.0000 -0.0000 0.0000 0.0000 19.4058 15.5070 -2.6673 -0.0000 0.0000 0.0000 -153.9084 40.8031 -9.8511 78.9235 41.6927 49.6471 -0.0000 0.0000 0.0000 30.1955 14.5929 50.7791 103.4592 -25.8523 -20.5261 -0.0000 0.0000 0.0000 -5.6071 -30.7738 -1.5442 41.2588 20.7750 -7.8953 -0.0000 0.0000 0.0000 7.1188 -24.8174 1.5682 38.4743 43.1971 -15.7318 -0.0000 0.0000 0.0000
0.1703 30.0231 -0.0593 -104.1044 11.9393 62.0973 -0.0000 0.0000 0.0000 -0.0000 0.0000 0.0000 19.4058 15.5070 -2.6673 -0.0000 0.0000 0.0000 -153.9084 40.8031 -9.8511 78.9235 41.6927 49.6471 -0.0000 0.0000 0.0000 30.1955 14.5929 50.7791 103.4592 -25.8523 -20.5261 -0.0000 0.0000 0.0000 -5.6071 -30.7738 -1.5442 41.2588 20.7750 -7.8953 -0.0000 0.0000 0.0000 7.1188 -24.8174 1.5682 38.4743 43.1971 -15.7318 -0.0000 0.0000 0.0000
0.1703 30.0231 -0.0593 -104.1044 11.9393 62.0973 -0.0000 0.0000 0.0000 -0.0000 0.0000 0.0000 19.4058 15.5070 -2.6673 -0.0000 0.0000 0.0000 -153.9084 40.8031 -9.8511 78.9235 41.6927 49.6471 -0.0000 0.0000 0.0000 30.1955 14.5929 50.7791 103.4592 -25.8523 -20.5261 -0.0000 0.0000 0.0000 -5.6071 -30.7738 -1.5442 41.2588 20.7750 -7.8953 -0.0000 0.0000 0.0000 7.1188 -24.8174 1.5682 38.4743 43.1971 -15.7318 -0.0000 0.0000 0.0000
0.1703 30.0231 -0.0593 -104.1044 11.9393 62.0973 -0.0000 0.0000 0.0000 -0.0000 0.0000 0.0000 19.4058 15.5070 -2.6673 -0.0000 0.0000 0.0000 -153.9084 40.8031 -9.8511 78.9235 41.6927 49.6471 -0.0000 0.0000 0.0000 30.1955 14.5929 50.7791 103.4592 -25.8523 -20.5261 -0.0000 0.0000 0.0000 -5.6071 -30.7738 -1.5442 41.2588 20.7750 -7.8953 -0.0000 0.0000 0.0000 7.1188 -24.8174 1.5682 38.4743 43.1971 -15.7318 -0.0000 0.0000 0.0000
0.1703 30.0231 -0.0593 -104.1044 11.9393 62.0973 -0.0000 0.0000 0.0000 -0.0000 0.0000 0.0000 19.4058 15.5070 -2.6673 -0.0000 0.0000 0.0000 -153.9084 40.8031 -9.8511 78.9235 41.6927 49.6471 -0.0000 0.0000 0.0000 30.1955 14.5929 50.7791 103.4592 -25.8523 -20.5261 -0.0000 0.0000 0.0000 -5.6071 -30.7738 -1.5442 41.2588 20.7750 -7.8953 -0.0000 0.0000 0.0000 7.1188 -24.8174 1.5682 38.4743 43.1971 -15.7318 -0.0000 0.0000 0.0000
0.1703 30.0231 -0.0593 -104.1044 11.9393 62.0973 -0.0000 0.0000 0.0000 -0.0000 0.0000 0.0000 19.4058 15.5070 -2.6673 -0.0000 0.0000 0.0000 -153.9084 40.8031 -9.8511 78.9235 41.6927 49.6471 -0.0000 0.0000 0.0000 30.1955 14.5929 50.7791 103.4592 -25.8523 -20.5261 -0.0000 0.0000 0.0000 -5.6071 -30.7738 -1.5442 41.2588 20.7750 -7.8953 -0.0000 0.0000 0.0000 7.1188 -24.8174 1.5682 38.4743 43.1971 -15.7318 -0.0000 0.0000 0.0000
0.1703 30.0231 -0.0593 -104.1044 11.9393 62.0973 -0.0000 0.0000 0.0000 -0.0000 0.0000 0.0000 19.4058 15.5070 -2.6673 -0.0000 0.0000 0.0000 -153.9084 40.8031 -9.8511 78.9235 41.6927 49.6471 -0.0000 0.0000 0.0000 30.1955 14.5929 50.7791 103.4592 -25.8523 -20.5261 -0.0000 0.0000 0.0000 -5.6071 -30.7738 -1.5442 41.2588 20.7750 -7.8953 -0.0000 0.0000 0.0000 7.1188 -24.8174 1.5682 38.4743 43.1971 -15.7318 -0.0000 0.0000 0.0000
0.1703 30.0231 -0.0593 -104.1044 11.9393 62.0973 -0.0000 0.0000 0.0000 -0.0000 0.0000 0.0000 19.4058 15.5070 -2.6673 -0.0000 0.0000 0.0000 -153.9084 40.8031 -9.8511 78.9235 41.6927 49.6471 -0.0000 0.0000 0.0000 30.1955 14.5929 50.7791 103.4592 -25.8523 -20.5261 -0.0000 0.0000 0.0000 -5.6071 -30.7738 -1.5442 41.2588 20.7750 -7.8953 -0.0000 0.0000 0.0000 7.1188 -24.8174 1.5682 38.4743 43.1971 -15.7318 -0.0000 0.0000 0.0000
0.1703 30.0231 -0.0593 -104.1044 11.9393 62.0973 -0.0000 0.0000 0.0000 -0.0000 0.0000 0.0000 19.4058 15.5070 -2.6673 -0.0000 0.0000 0.0000 -153.9084 40.8031 -9.8511 78.9235 41.6927 49.6471 -0.0000 0.0000 0.0000 30.1955 14.5929 50.7791 103.4592 -25.8523 -20.5261 -0.0000 0.0000 0.0000 -5.6071 -30.7738 -1.5442 41.2588 20.7750 -7.8953 -0.0000 0.0000 0.0000 7.1188 -24.8174 1.5682 38.4743 43.1971 -15.7318 -0.0000 0.0000 0.0000
0.1703 30.0231 -0.0593 -104.1044 11.9393 62.0973 -0.0000 0.0000 0.0000 -0.0000 0.0000 0.0000 19.4058 15.5070 -2.6673 -0.0000 0.0000 0.0000 -153.9084 40.8031 -9.8511 78.9235 41.6927 49.6471 -0.0000 0.0000 0.0000 30.1955 14.5929 50.7791 103.4592 -25.8523 -20.5261 -0.0000 0.0000 0.0000 -5.6071 -30.7738 -1.5442 41.2588 20.7750 -7.8953 -0.0000 0.0000 0.0000 7.1188 -24.8174 1.5682 38.4743 43.1971 -15.7318 -0.0000 0.0000 0.0000
0.1703 30.0231 -0.0593 -104.1044 11.9393 62.0973 -0.0000 0.0000 0.0000 -0.0000 0.0000 0.0000 19.4058 15.5070 -2.6673 -0.0000 0.0000 0.0000 -153.9084 40.8031 -9.8511 78.9235 41.6927 49.6471 -0.0000 0.0000 0.0000 30.1955 14.5929 50.7791 103.4592 -25.8523 -20.5261 -0.0000 0.0000 0.0000 -5.6071 -30.7738 -1.5442 41.2588 20.7750 -7.8953 -0.0000 0.0000 0.0000 7.1188 -24.8174 1.5682 38.4743 43.1971 -15.7318 -0.0000 0.0000 0.0000
0.1703 30.0231 -0.0593 -104.1044 11.9393 62.0973 -0.0000 0.0000 0.0000 -0.0000 0.0000 0.0000 19.4058 15.5070 -2.6673 -0.0000 0.0000 0.0000 -153.9084 40.8031 -9.8511 78.9235 41.6927 49.6471 -0.0000 0.0000 0.0000 30.1955 14.5929 50.7791 103.4592 -25.8523 -20.5261 -0.0000 0.0000 0.0000 -5.6071 -30.7738 -1.5442 41.2588 20.7750 -7.8953 -0.0000 0.0000 0.0000 7.1188 -24.8174 1.5682 38.4743 43.1971 -15.7318 -0.0000 0.0000 0.0000
0.1703 30.0231 -0.0593 -104.1044 11.9393 62.0973 -0.0000 0.0000 0.0000 -0.0000 0.0000 0.0000 19.4058 15.5070 -2.6673 -0.0000 0.0000 0.0000 -153.9084 40.8031 -9.8511 78.9235 41.6927 49.6471 -0.0000 0.0000 0.0000 30.1955 14.5929 50.7791 103.4592 -25.8523 -20.5261 -0.0000 0.0000 0.0000 -5.6071 -30.7738 -1.5442 41.2588 20.7750 -7.8953 -0.0000 0.0000 0.0000 7.1188 -24.8174 1.5682 38.4743 43.1971 -15.7318 -0.0000 0.0000 0.0000
0.1703 30.0231 -0.0593 -104.1044 11.9393 62.0973 -0.0000 0.0000 0.0000 -0.0000 0.0000 0.0000 19.4058 15.5070 -2.6673 -0.0000 0.0000 0.0000 -153.9084 40.8031 -9.8511 78.9235 41.6927 49.6471 -0.0000 0.0000 0.0000 30.1955 14.5929 50.7791 103.4592 -25.8523 -20.5261 -0.0000 0.0000 0.0000 -5.6071 -30.7738 -1.5442 41.2588 20.7750 -7.8953 -0.0000 0.0000 0.0000 7.1188 -24.8174 1.5682 38.4743 43.1971 -15.7318 -0.0000 0.0000 0.0000
0.1703 30.0231 -0.0593 -104.1044 11.9393 62.0973 -0.0000 0.0000 0.0000 -0.0000 0.0000 0.0000 19.4058 15.5070 -2.6673 -0.0000 0.0000 0.0000 -153.9084 40.8031 -9.8511 78.9235 41.6927 49.6471 -0.0000 0.0000 0.0000 30.1955 14.5929 50.7791 103.4592 -25.8523 -20.5261 -0.0000 0.0000 0.0000 -5.6071 -30.7738 -1.5442 41.2588 20.7750 -7.8953 -0.0000 0.0000 0.0000 7.1188 -24.8174 1.5682 38.4743 43.1971 -15.7318 -0.0000 0.0000 0.0000
0.1703 30.0231 -0.0593 -104.1044 11.9393 62.0973 -0.0000 0.0000 0.0000 -0.0000 0.0000 0.0000 19.4058 15.5070 -2.6673 -0.0000 0.0000 0.0000 -153.9084 40.8031 -9.8511 78.9235 41.6927 49.6471 -0.0000 0.0000 0.0000 30.1955 14.5929 50.7791 103.4592 -25.8523 -20.5261 -0.0000 0.0000 0.0000 -5.6071 -30.7738 -1.5442 41.2588 20.7750 -7.8953 -0.0000 0.0000 0.0000 7.1188 -24.8174 1.5682 38.4743 43.1971 -15.7318 -0.0000 0.0000 0.0000
0.1703 30.0231 -0.0593 -104.1044 11.9393 62.0973 -0.0000 0.0000 0.0000 -0.0000 0.0000 0.0000 19.4058 15.5070 -2.6673 -0.0000 0.0000 0.0000 -153.9084 40.8031 -9.8511 78.9235 41.6927 49.6471 -0.0000 0.0000 0.0000 30.1955 14.5929 50.7791 103.4592 -25.8523 -20.5261 -0.0000 0.0000 0.0000 -5.6071 -30.7738 -1.5442 41.2588 20.7750 -7.8953 -0.0000 0.0000 0.0000 7.1188 -24.8174 1.5682 38.4743 43.1971 -15.7318 -0.0000 0.0000 0.0000
0.1703 30.0231 -0.0593 -104.1044 11.9393 62.0973 -0.0000 0.0000 0.0000 -0.0000 0.0000 0.0000 19.4058 15.5070 -2.6673 -0.0000 0.0000 0.0000 -153.9084 40.8031 -9.8511 78.9235 41.6927 49.6471 -0.0000 0.0000 0.0000 30.1955 14.5929 50.7791 103.4592 -25.8523 -20.5261 -0.0000 0.0000 0.0000 -5.6071 -30.7738 -1.5442 41.2588 20.7750 -7.8953 -0.0000 0.0000 0.0000 7.1188 -24.8174 1.5682 38.4743 43.1971 -15.7318 -0.0000 0.0000 0.0000
0.1703 30.0231 -0.0593 -104.1044 11.9393 62.0973 -0.0000 0.0000 0.0000 -0.0000 0.0000 0.0000 19.4058 15.5070 -2.6673 -0.0000 0.0000 0.0000 -153.9084 40.8031 -9.8511 78.9235 41.6927 49.6471 -0.0000 0.0000 0.0000 30.1955 14.5929 50.7791 103.4592 -25.8523 -20.5261 -0.0000 0.0000 0.0000 -5.6071 -30.7738 -1.5442 41.2588 20.7750 -7.8953 -0.0000 0.0000 0.0000 7.1188 -24.8174 1.5682 38.4743 43.1971 -15.7318 -0.0000 0.0000 0.0000
0.1703 30.0231 -0.0593 -104.1044 11.9393 62.0973 -0.0000 0.0000 0.0000 -0.0000 0.0000 0.0000 19.4058 15.5070 -2.6673 -0.0000 0.0000 0.0000 -153.9084 40.8031 -9.8511 78.9235 41.6927 49.6471 -0.0000 0.0000 0.0000 30.1955 14.5929 50.7791 103.4592 -25.8523 -20.5261 -0.0000 0.0000 0.0000 -5.6071 -30.7738 -1.5442 41.2588 20.7750 -7.8953 -0.0000 0.0000 0.0000 7.1188 -24.8174 1.5682 38.4743 43.1971 -15.7318 -0.0000 0.0000 0.0000
0.1703 30.0231 -0.0593 -104.1044 11.9393 62.0973 -0.0000 0.0000 0.0000 -0.0000 0.0000 0.0000 19.4058 15.5070 -2.6673 -0.0000 0.0000 0.0000 -153.9084 40.8031 -9.8511 78.9235 41.6927 49.6471 -0.0000 0.0000 0.0000 30.1955 14.5929 50.7791 103.4592 -25.8523 -20.5261 -0.0000 0.0000 0.0000 -5.6071 -30.7738 -1.5442 41.2588 20.7750 -7.8953 -0.0000 0.0000 0.0000 7.1188 -24.8174 1.5682 38.4743 43.1971 -15.7318 -0.0000 0.0000 0.0000
0.1703 30.0231 -0.0593 -104.1044 11.9393 62.0973 -0.0000 0.0000 0.0000 -0.0000 0.0000 0.0000 19.4058 15.5070 -2.6673 -0.0000 0.0000 0.0000 -153.9084 40.8031 -9.8511 78.9235 41.6927 49.6471 -0.0000 0.0000 0.0000 30.1955 14.5929 50.7791 103.4592 -25.8523 -20.5261 -0.0000 0.0000 0.0000 -5.6071 -30.7738 -1.5442 41.2588 20.7750 -7.8953 -0.0000 0.0000 0.0000 7.1188 -24.8174 1.5682 38.4743 43.1971 -15.7318 -0.0000 0.0000 0.0000
0.1703 30.0231 -0.0593 -104.1044 11.9393 62.0973 -0.0000 0.0000 0.0000 -0.0000 0.0000 0.0000 19.4058 15.5070 -2.6673 -0.0000 0.0000 0.0000 -153.9084 40.8031 -9.8511 78.9235 41.6927 49.6471 -0.0000 0.0000 0.0000 30.1955 14.5929 50.7791 103.4592 -25.8523 -20.5261 -0.0000 0.0000 0.0000 -5.6071 -30.7738 -1.5442 41.2588 20.7750 -7.8953 -0.0000 0.0000 0.0000 7.1188 -24.8174 1.5682 38.4743 43.1971 -15.7318 -0.0000 0.0000 0.0000
0.1703 30.0231 -0.0593 -104.1044 11.9393 62.0973 -0.0000 0.0000 0.0000 -0.0000 0.0000 0.0000 19.4058 15.5070 -2.6673 -0.0000 0.0000 0.0000 -153.9084 40.8031 -9.8511 78.9235 41.6927 49.6471 -0.0000 0.0000 0.0000 30.1955 14.5929 50.7791 103.4592 -25.8523 -20.5261 -0.0000 0.0000 0.0000 -5.6071 -30.7738 -1.5442 41.2588 20.7750 -7.8953 -0.0000 0.0000 0.0000 7.1188 -24.8174 1.5682 38.4743 43.1971 -15.7318 -0.0000 0.0000 0.0000
0.1703 30.0231 -0.0593 -104.1044 11.9393 62.0973 -0.0000 0.0000 0.0000 -0.0000 0.0000 0.0000 19.4058 15.5070 -2.6673 -0.0000 0.0000 0.0000 -153.9084 40.8031 -9.8511 78.9235 41.6927 49.6471 -0.0000 0.0000 0.0000 30.1955 14.5929 50.7791 103.4592 -25.8523 -20.5261 -0.0000 0.0000 0.0000 -5.6071 -30.7738 -1.5442 41.2588 20.7750 -7.8953 -0.0000 0.0000 0.0000 7.1188 -24.8174 1.5682 38.4743 43.1971 -15.7318 -0.0000 0.0000 0.0000
0.1703 30.0231 -0.0593 -104.1044 11.9393 62.0973 -0.0000 0.0000 0.0000 -0.0000 0.0000 0.0000 19.4058 15.5070 -2.6673 -0.0000 0.0000 0.0000 -153.9084 40.8031 -9.8511 78.9235 41.6927 49.6471 -0.0000 0.0000 0.0000 30.1955 14.5929 50.7791 103.4592 -25.8523 -20.5261 -0.0000 0.0000 0.0000 -5.6071 -30.7738 -1.5442 41.2588 20.7750 -7.8953 -0.0000 0.0000 0.0000 7.1188 -24.8174 1.5682 38.4743 43.1971 -15.7318 -0.0000 0.0000 0.0000
0.1703 30.0231 -0.0593 -104.1044 11.9393 62.0973 -0.0000 0.0000 0.0000 -0.0000 0.0000 0.0000 19.4058 15.5070 -2.6673 -0.0000 0.0000 0.0000 -153.9084 40.8031 -9.8511 78.9235 41.6927 49.6471 -0.0000 0.0000 0.0000 30.1955 14.5929 50.7791 103.4592 -25.8523 -20.5261 -0.0000 0.0000 0.0000 -5.6071 -30.7738 -1.5442 41.2588 20.7750 -7.8953 -0.0000 0.0000 0.0000 7.1188 -24.8174 1.5682 38.4743 43.1971 -15.7318 -0.0000 0.0000 0.0000
0.1703 30.0231 -0.0593 -104.1044 11.9393 62.0973 -0.0000 0.0000 0.0000 -0.0000 0.0000 0.0000 19.4058 15.5070 -2.6673 -0.0000 0.0000 0.0000 -153.9084 40.8031 -9.8511 78.9235 41.6927 49.6471 -0.0000 0.0000 0.0000 30.1955 14.5929 50.7791 103.4592 -25.8523 -20.5261 -0.0000 0.0000 0.0000 -5.6071 -30.7738 -1.5442 41.2588 20.7750 -7.8953 -0.0000 0.0000 0.0000 7.1188 -24.8174 1.5682 38.4743 43.1971 -15.7318 -0.0000 0.0000 0.0000
0.1703 30.0231 -0.0593 -104.1044 11.9393 62.0973 -0.0000 0.0000 0.0000 -0.0000 0.0000 0.0000 19.4058 15.5070 -2.6673 -0.0000 0.0000 0.0000 -153.9084 40.8031 -9.8511 78.9235 41.6927 49.6471 -0.0000 0.0000 0.0000 30.1955 14.5929 50.7791 103.4592 -25.8523 -20.5261 -0.0000 0.0000 0.0000 -5.6071 -30.7738 -1.5442 41.2588 20.7750 -7.8953 -0.0000 0.0000 0.0000 7.1188 -24.8174 1.5682 38.4743 43.1971 -15.7318 -0.0000 0.0000 0.0000
0.1703 30.0231 -0.0593 -104.1044 11.9393 62.0973 -0.0000 0.0000 0.0000 -0.0000 0.0000 0.0000 19.4058 15.5070 -2.6673 -0.0000 0.0000 0.0000 -153.9084 40.8031 -9.8511 78.9235 41.6927 49.6471 -0.0000 0.0000 0.0000 30.1955 14.5929 50.7791 103.4592 -25.8523 -20.5261 -0.0000 0.0000 0.0000 -5.6071 -30.7738 -1.5442 41.2588 20.7750 -7.8953 -0.0000 0.0000 0.0000 7.1188 -24.8174 1.5682 38.4743 43.1971 -15.7318 -0.0000 0.0000 0.0000
0.1703 30.0231 -0.0593 -104.1044 11.9393 62.0973 -0.0000 0.0000 0.0000 -0.0000 0.0000 0.0000 19.4058 15.5070 -2.6673 -0.0000 0.0000 0.0000 -153.9084 40.8031 -9.8511 78.9235 41.6927 49.6471 -0.0000 0.0000 0.0000 30.1955 14.5929 50.7791 103.4592 -25.8523 -20.5261 -0.0000 0.0000 0.0000 -5.6071 -30.7738 -1.5442 41.2588 20.7750 -7.8953 -0.0000 0.0000 0.0000 7.1188 -24.8174 1.5682 38.4743 43.1971 -15.7318 -0.0000 0.0000 0.0000
0.1703 30.0231 -0.0593 -104.1044 11.9393 62.0973 -0.0000 0.0000 0.0000 -0.0000 0.0000 0.0000 19.4058 15.5070 -2.6673 -0.0000 0.0000 0.0000 -153.9084 40.8031 -9.8511 78.9235 41.6927 49.6471 -0.0000 0.0000 0.0000 30.1955 14.5929 50.7791 103.4592 -25.8523 -20.5261 -0.0000 0.0000 0.0000 -5.6071 -30.7738 -1.5442 41.2588 20.7750 -7.8953 -0.0000 0.0000 0.0000 7.1188 -24.8174 1.5682 38.4743 43.1971 -15.7318 -0.0000 0.0000 0.0000
0.1703 30.0231 -0.0593 -104.1044 11.9393 62.0973 -0.0000 0.0000 0.0000 -0.0000 0.0000 0.0000 19.4058 15.5070 -2.6673 -0.0000 0.0000 0.0000 -153.9084 40.8031 -9.8511 78.9235 41.6927 49.6471 -0.0000 0.0000 0.0000 30.1955 14.5929 50.7791 103.4592 -25.8523 -20.5261 -0.0000 0.0000 0.0000 -5.6071 -30.7738 -1.5442 41.2588 20.7750 -7.8953 -0.0000 0.0000 0.0000 7.1188 -24.8174 1.5682 38.4743 43.1971 -15.7318 -0.0000 0.0000 0.0000
0.1703 30.0231 -0.0593 -104.1044 11.9393 62.0973 -0.0000 0.0000 0.0000 -0.0000 0.0000 0.0000 19.4058 15.5070 -2.6673 -0.0000 0.0000 0.0000 -153.9084 40.8031 -9.8511 78.9235 41.6927 49.6471 -0.0000 0.0000 0.0000 30.1955 14.5929 50.7791 103.4592 -25.8523 -20.5261 -0.0000 0.0000 0.0000 -5.6071 -30.7738 -1.5442 41.2588 20.7750 -7.8953 -0.0000 0.0000 0.0000 7.1188 -24.8174 1.5682 38.4743 43.1971 -15.7318 -0.0000 0.0000 0.0000
0.1703 30.0231 -0.0593 -104.1044 11.9393 62.0973 -0.0000 0.0000 0.0000 -0.0000 0.0000 0.0000 19.4058 15.5070 -2.6673 -0.0000 0.0000 0.0000 -153.9084 40.8031 -9.8511 78.9235 41.6927 49.6471 -0.0000 0.0000 0.0000 30.1955 14.5929 50.7791 103.4592 -25.8523 -20.5261 -0.0000 0.0000 0.0000 -5.6071 -30.7738 -1.5442 41.2588 20.7750 -7.8953 -0.0000 0.0000 0.0000 7.1188 -24.8174 1.5682 38.4743 43.1971 -15.7318 -0.0000 0.0000 0.0000
0.1703 30.0231 -0.0593 -104.1044 11.9393 62.0973 -0.0000 0.0000 0.0000 -0.0000 0.0000 0.0000 19.4058 15.5070 -2.6673 -0.0000 0.0000 0.0000 -153.9084 40.8031 -9.8511 78.9235 41.6927 49.6471 -0.0000 0.0000 0.0000 30.1955 14.5929 50.7791 103.4592 -25.8523 -20.5261 -0.0000 0.0000 0.0000 -5.6071 -30.7738 -1.5442 41.2588 20.7750 -7.8953 -0.0000 0.0000 0.0000 7.1188 -24.8174 1.5682 38.4743 43.1971 -15.7318 -0.0000 0.0000 0.0000
0.1703 30.0231 -0.0593 -104.1044 11.9393 62.0973 -0.0000 0.0000 0.0000 -0.0000 0.0000 0.0000 19.4058 15.5070 -2.6673 -0.0000 0.0000 0.0000 -153.9084 40.8031 -9.8511 78.9235 41.6927 49.6471 -0.0000 0.0000 0.0000 30.1955 14.5929 50.7791 103.4592 -25.8523 -20.5261 -0.0000 0.0000 0.0000 -5.6071 -30.7738 -1.5442 41.2588 20.7750 -7.8953 -0.0000 0.0000 0.0000 7.1188 -24.8174 1.5682 38.4743 43.1971 -15.7318 -0.0000 0.0000 0.0000
0.1703 30.0231 -0.0593 -104.1044 11.9393 62.0973 -0.0000 0.0000 0.0000 -0.0000 0.0000 0.0000 19.4058 15.5070 -2.6673 -0.0000 0.0000 0.0000 -153.9084 40.8031 -9.8511 78.9235 41.6927 49.6471 -0.0000 0.0000 0.0000 30.1955 14.5929 50.7791 103.4592 -25.8523 -20.5261 -0.0000 0.0000 0.0000 -5.6071 -30.7738 -1.5442 41.2588 20.7750 -7.8953 -0.0000 0.0000 0.0000 7.1188 -24.8174 1.5682 38.4743 43.1971 -15.7318 -0.0000 0.0000 0.0000
0.1703 30.0231 -0.0593 -104.1044 11.9393 62.0973 -0.0000 0.0000 0.0000 -0.0000 0.0000 0.0000 19.4058 15.5070 -2.6673 -0.0000 0.0000 0.0000 -153.9084 40.8031 -9.8511 78.9235 41.6927 49.6471 -0.0000 0.0000 0.0000 30.1955 14.5929 50.7791 103.4592 -25.8523 -20.5261 -0.0000 0.0000 0.0000 -5.6071 -30.7738 -1.5442 41.2588 20.7750 -7.8953 -0.0000 0.0000 0.0000 7.1188 -24.8174 1.5682 38.4743 43.1971 -15.7318 -0.0000 0.0000 0.0000
0.1703 30.0231 -0.0593 -104.1044 11.9393 62.0973 -0.0000 0.0000 0.0000 -0.0000 0.0000 0.0000 19.4058 15.5070 -2.6673 -0.0000 0.0000 0.0000 -153.9084 40.8031 -9.8511 78.9235 41.6927 49.6471 -0.0000 0.0000 0.0000 30.1955 14.5929 50.7791 103.4592 -25.8523 -20.5261 -0.0000 0.0000 0.0000 -5.6071 -30.7738 -1.5442 41.2588 20.7750 -7.8953 -0.0000 0.0000 0.0000 7.1188 -24.8174 1.5682 38.4743 43.1971 -15.7318 -0.0000 0.0000 0.0000
0.1703 30.0231 -0.0593 -104.1044 11.9393 62.0973 -0.0000 0.0000 0.0000 -0.0000 0.0000 0.0000 19.4058 15.5070 -2.6673 -0.0000 0.0000 0.0000 -153.9084 40.8031 -9.8511 78.9235 41.6927 49.6471 -0.0000 0.0000 0.0000 30.1955 14.5929 50.7791 103.4592 -25.8523 -20.5261 -0.0000 0.0000 0.0000 -5.6071 -30.7738 -1.5442 41.2588 20.7750 -7.8953 -0.0000 0.0000 0.0000 7.1188 -24.8174 1.5682 38.4743 43.1971 -15.7318 -0.0000 0.0000 0.0000
0.1703 30.0231 -0.0593 -104.1044 11.9393 62.0973 -0.0000 0.0000 0.0000 -0.0000 0.0000 0.0000 19.4058 15.5070 -2.6673 -0.0000 0.0000 0.0000 -153.9084 40.8031 -9.8511 78.9235 41.6927 49.6471 -0.0000 0.0000 0.0000 30.1955 14.5929 50.7791 103.4592 -25.8523 -20.5261 -0.0000 0.0000 0.0000 -5.6071 -30.7738 -1.5442 41.2588 20.7750 -7.8953 -0.0000 0.0000 0.0000 7.1188 -24.8174 1.5682 38.4743 43.1971 -15.7318 -0.0000 0.0000 0.0000
0.1703 30.0231 -0.0593 -104.1044 11.9393 62.0973 -0.0000 0.0000 0.0000 -0.0000 0.0000 0.0000 19.4058 15.5070 -2.6673 -0.0000 0.0000 0.0000 -153.9084 40.8031 -9.8511 78.9235 41.6927 49.6471 -0.0000 0.0000 0.0000 30.1955 14.5929 50.7791 103.4592 -25.8523 -20.5261 -0.0000 0.0000 0.0000 -5.6071 -30.7738 -1.5442 41.2588 20.7750 -7.8953 -0.0000 0.0000 0.0000 7.1188 -24.8174 1.5682 38.4743 43.1971 -15.7318 -0.0000 0.0000 0.0000
0.1703 30.0231 -0.0593 -104.1044 11.9393 62.0973 -0.0000 0.0000 0.0000 -0.0000 0.0000 0.0000 19.4058 15.5070 -2.6673 -0.0000 0.0000 0.0000 -153.9084 40.8031 -9.8511 78.9235 41.6927 49.6471 -0.0000 0.0000 0.0000 30.1955 14.5929 50.7791 103.4592 -25.8523 -20.5261 -0.0000 0.0000 0.0000 -5.6071 -30.7738 -1.5442 41.2588 20.7750 -7.8953 -0.0000 0.0000 0.0000 7.1188 -24.8174 1.5682 38.4743 43.1971 -15.7318 -0.0000 0.0000 0.0000
0.1703 30.0231 -0.0593 -104.1044 11.9393 62.0973 -0.0000 0.0000 0.0000 -0.0000 0.0000 0.0000 19.4058 15.5070 -2.6673 -0.0000 0.0000 0.0000 -153.9084 40.8031 -9.8511 78.9235 41.6927 49.6471 -0.0000 0.0000 0.0000 30.1955 14.5929 50.7791 103.4592 -25.8523 -20.5261 -0.0000 0.0000 0.0000 -5.6071 -30.7738 -1.5442 41.2588 20.7750 -7.8953 -0.0000 0.0000 0.0000 7.1188 -24.8174 1.5682 38.4743 43.1971 -15.7318 -0.0000 0.0000 0.0000
0.1703 30.0231 -0.0593 -104.1044 11.9393 62.0973 -0.0000 0.0000 0.0000 -0.0000 0.0000 0.0000 19.4058 15.5070 -2.6673 -0.0000 0.0000 0.0000 -153.9084 40.8031 -9.8511 78.9235 41.6927 49.6471 -0.0000 0.0000 0.0000 30.1955 14.5929 50.7791 103.4592 -25.8523 -20.5261 -0.0000 0.0000 0.0000 -5.6071 -30.7738 -1.5442 41.2588 20.7750 -7.8953 -0.0000 0.0000 0.0000 7.1188 -24.8174 1.5682 38.4743 43.1971 -15.7318 -0.0000 0.0000 0.0000
0.1703 30.0231 -0.0593 -104.1044 11.9393 62.0973 -0.0000 0.0000 0.0000 -0.0000 0.0000 0.0000 19.4058 15.5070 -2.6673 -0.0000 0.0000 0.0000 -153.9084 40.8031 -9.8511 78.9235 41.6927 49.6471 -0.0000 0.0000 0.0000 30.1955 14.5929 50.7791 103.4592 -25.8523 -20.5261 -0.0000 0.0000 0.0000 -5.6071 -30.7738 -1.5442 41.2588 20.7750 -7.8953 -0.0000 0.0000 0.0000 7.1188 -24.8174 1.5682 38.4743 43.1971 -15.7318 -0.0000 0.0000 0.0000
0.1703 30.0231 -0.0593 -104.1044 11.9393 62.0973 -0.0000 0.0000 0.0000 -0.0000 0.0000 0.0000 19.4058 15.5070 -2.6673 -0.0000 0.0000 0.0000 -153.9084 40.8031 -9.8511 78.9235 41.6927 49.6471 -0.0000 0.0000 0.0000 30.1955 14.5929 50.7791 103.4592 -25.8523 -20.5261 -0.0000 0.0000 0.0000 -5.6071 -30.7738 -1.5442 41.2588 20.7750 -7.8953 -0.0000 0.0000 0.0000 7.1188 -24.8174 1.5682 38.4743 43.1971 -15.7318 -0.0000 0.0000 0.0000
0.1703 30.0231 -0.0593 -104.1044 11.9393 62.0973 -0.0000 0.0000 0.0000 -0.0000 0.0000 0.0000 19.4058 15.5070 -2.6673 -0.0000 0.0000 0.0000 -153.9084 40.8031 -9.8511 78.9235 41.6927 49.6471 -0.0000 0.0000 0.0000 30.1955 14.5929 50.7791 103.4592 -25.8523 -20.5261 -0.0000 0.0000 0.0000 -5.6071 -30.7738 -1.5442 41.2588 20.7750 -7.8953 -0.0000 0.0000 0.0000 7.1188 -24.8174 1.5682 38.4743 43.1971 -15.7318 -0.0000 0.0000 0.0000
0.1703 30.0231 -0.0593 -104.1044 11.9393 62.0973 -0.0000 0.0000 0.0000 -0.0000 0.0000 0.0000 19.4058 15.5070 -2.6673 -0.0000 0.0000 0.0000 -153.9084 40.8031 -9.8511 78.9235 41.6927 49.6471 -0.0000 0.0000 0.0000 30.1955 14.5929 50.7791 103.4592 -25.8523 -20.5261 -0.0000 0.0000 0.0000 -5.6071 -30.7738 -1.5442 41.2588 20.7750 -7.8953 -0.0000 0.0000 0.0000 7.1188 -24.8174 1.5682 38.4743 43.1971 -15.7318 -0.0000 0.0000 0.0000
0.1703 30.0231 -0.0593 -104.1044 11.9393 62.0973 -0.0000 0.0000 0.0000 -0.0000 0.0000 0.0000 19.4058 15.5070 -2.6673 -0.0000 0.0000 0.0000 -153.9084 40.8031 -9.8511 78.9235 41.6927 49.6471 -0.0000 0.0000 0.0000 30.1955 14.5929 50.7791 103.4592 -25.8523 -20.5261 -0.0000 0.0000 0.0000 -5.6071 -30.7738 -1.5442 41.2588 20.7750 -7.8953 -0.0000 0.0000 0.0000 7.1188 -24.8174 1.5682 38.4743 43.1971 -15.7318 -0.0000 0.0000 0.0000
0.1703 30.0231 -0.0593 -104.1044 11.9393 62.0973 -0.0000 0.0000 0.0000 -0.0000 0.0000 0.0000 19.4058 15.5070 -2.6673 -0.0000 0.0000 0.0000 -153.9084 40.8031 -9.8511 78.9235 41.6927 49.6471 -0.0000 0.0000 0.0000 30.1955 14.5929 50.7791 103.4592 -25.8523 -20.5261 -0.0000 0.0000 0.0000 -5.6071 -30.7738 -1.5442 41.2588 20.7750 -7.8953 -0.0000 0.0000 0.0000 7.1188 -24.8174 1.5682 38.4743 43.1971 -15.7318 -0.0000 0.0000 0.0000
0.1703 30.0231 -0.0593 -104.1044 11.9393 62.0973 -0.0000 0.0000 0.0000 -0.0000 0.0000 0.0000 19.4058 15.5070 -2.6673 -0.0000 0.0000 0.0000 -153.9084 40.8031 -9.8511 78.9235 41.6927 49.6471 -0.0000 0.0000 0.0000 30.1955 14.5929 50.7791 103.4592 -25.8523 -20.5261 -0.0000 0.0000 0.0000 -5.6071 -30.7738 -1.5442 41.2588 20.7750 -7.8953 -0.0000 0.0000 0.0000 7.1188 -24.8174 1.5682 38.4743 43.1971 -15.7318 -0.0000 0.0000 0.0000
0.1703 30.0231 -0.0593 -104.1044 11.9393 62.0973 -0.0000 0.0000 0.0000 -0.0000 0.0000 0.0000 19.4058 15.5070 -2.6673 -0.0000 0.0000 0.0000 -153.9084 40.8031 -9.8511 78.9235 41.6927 49.6471 -0.0000 0.0000 0.0000 30.1955 14.5929 50.7791 103.4592 -25.8523 -20.5261 -0.0000 0.0000 0.0000 -5.6071 -30.7738 -1.5442 41.2588 20.7750 -7.8953 -0.0000 0.0000 0.0000 7.1188 -24.8174 1.5682 38.4743 43.1971 -15.7318 -0.0000 0.0000 0.0000
0.1703 30.0231 -0.0593 -104.1044 11.9393 62.0973 -0.0000 0.0000 0.0000 -0.0000 0.0000 0.0000 19.4058 15.5070 -2.6673 -0.0000 0.0000 0.0000 -153.9084 40.8031 -9.8511 78.9235 41.6927 49.6471 -0.0000 0.0000 0.0000 30.1955 14.5929 50.7791 103.4592 -25.8523 -20.5261 -0.0000 0.0000 0.0000 -5.6071 -30.7738 -1.5442 41.2588 20.7750 -7.8953 -0.0000 0.0000 0.0000 7.1188 -24.8174 1.5682 38.4743 43.1971 -15.7318 -0.0000 0.0000 0.0000
0.1703 30.0231 -0.0593 -104.1044 11.9393 62.0973 -0.0000 0.0000 0.0000 -0.0000 0.0000 0.0000 19.4058 15.5070 -2.6673 -0.0000 0.0000 0.0000 -153.9084 40.8031 -9.8511 78.9235 41.6927 49.6471 -0.0000 0.0000 0.0000 30.1955 14.5929 50.7791 103.4592 -25.8523 -20.5261 -0.0000 0.0000 0.0000 -5.6071 -30.7738 -1.5442 41.2588 20.7750 -7.8953 -0.0000 0.0000 0.0000 7.1188 -24.8174 1.5682 38.4743 43.1971 -15.7318 -0.0000 0.0000 0.0000
0.1703 30.0231 -0.0593 -104.1044 11.9393 62.0973 -0.0000 0.0000 0.0000 -0.0000 0.0000 0.0000 19.4058 15.5070 -2.6673 -0.0000 0.0000 0.0000 -153.9084 40.8031 -9.8511 78.9235 41.6927 49.6471 -0.0000 0.0000 0.0000 30.1955 14.5929 50.7791 103.4592 -25.8523 -20.5261 -0.0000 0.0000 0.0000 -5.6071 -30.7738 -1.5442 41.2588 20.7750 -7.8953 -0.0000 0.0000 0.0000 7.1188 -24.8174 1.5682 38.4743 43.1971 -15.7318 -0.0000 0.0000 0.0000
0.1703 30.0231 -0.0593 -104.1044 11.9393 62.0973 -0.0000 0.0000 0.0000 -0.0000 0.0000 0.0000 19.4058 15.5070 -2.6673 -0.0000 0.0000 0.0000 -153.9084 40.8031 -9.8511 78.9235 41.6927 49.6471 -0.0000 0.0000 0.0000 30.1955 14.5929 50.7791 103.4592 -25.8523 -20.5261 -0.0000 0.0000 0.0000 -5.6071 -30.7738 -1.5442 41.2588 20.7750 -7.8953 -0.0000 0.0000 0.0000 7.1188 -24.8174 1.5682 38.4743 43.1971 -15.7318 -0.0000 0.0000 0.0000
0.1703 30.0231 -0.0593 -104.1044 11.9393 62.0973 -0.0000 0.0000 0.0000 -0.0000 0.0000 0.0000 19.4058 15.5070 -2.6673 -0.0000 0.0000 0.0000 -153.9084 40.8031 -9.8511 78.9235 41.6927 49.6471 -0.0000 0.0000 0.0000 30.1955 14.5929 50.7791 103.4592 -25.8523 -20.5261 -0.0000 0.0000 0.0000 -5.6071 -30.7738 -1.5442 41.2588 20.7750 -7.8953 -0.0000 0.0000 0.0000 7.1188 -24.8174 1.5682 38.4743 43.1971 -15.7318 -0.0000 0.0000 0.0000
0.1703 30.0231 -0.0593 -104.1044 11.9393 62.0973 -0.0000 0.0000 0.0000 -0.0000 0.0000 0.0000 19.4058 15.5070 -2.6673 -0.0000 0.0000 0.0000 -153.9084 40.8031 -9.8511 78.9235 41.6927 49.6471 -0.0000 0.0000 0.0000 30.1955 14.5929 50.7791 103.4592 -25.8523 -20.5261 -0.0000 0.0000 0.0000 -5.6071 -30.7738 -1.5442 41.2588 20.7750 -7.8953 -0.0000 0.0000 0.0000 7.1188 -24.8174 1.5682 38.4743 43.1971 -15.7318 -0.0000 0.0000 0.0000
0.1703 30.0231 -0.0593 -104.1044 11.9393 62.0973 -0.0000 0.0000 0.0000 -0.0000 0.0000 0.0000 19.4058 15.5070 -2.6673 -0.0000 0.0000 0.0000 -153.9084 40.8031 -9.8511 78.9235 41.6927 49.6471 -0.0000 0.0000 0.0000 30.1955 14.5929 50.7791 103.4592 -25.8523 -20.5261 -0.0000 0.0000 0.0000 -5.6071 -30.7738 -1.5442 41.2588 20.7750 -7.8953 -0.0000 0.0000 0.0000 7.1188 -24.8174 1.5682 38.4743 43.1971 -15.7318 -0.0000 0.0000 0.0000
0.1703 30.0231 -0.0593 -104.1044 11.9393 62.0973 -0.0000 0.0000 0.0000 -0.0000 0.0000 0.0000 19.4058 15.5070 -2.6673 -0.0000 0.0000 0.0000 -153.9084 40.8031 -9.8511 78.9235 41.6927 49.6471 -0.0000 0.0000 0.0000 30.1955 14.5929 50.7791 103.4592 -25.8523 -20.5261 -0.0000 0.0000 0.0000 -5.6071 -30.7738 -1.5442 41.2588 20.7750 -7.8953 -0.0000 0.0000 0.0000 7.1188 -24.8174 1.5682 38.4743 43.1971 -15.7318 -0.0000 0.0000 0.0000
0.1703 30.0231 -0.0593 -104.1044 11.9393 62.0973 -0.0000 0.0000 0.0000 -0.0000 0.0000 0.0000 19.4058 15.5070 -2.6673 -0.0000 0.0000 0.0000 -153.9084 40.8031 -9.8511 78.9235 41.6927 49.6471 -0.0000 0.0000 0.0000 30.1955 14.5929 50.7791 103.4592 -25.8523 -20.5261 -0.0000 0.0000 0.0000 -5.6071 -30.7738 -1.5442 41.2588 20.7750 -7.8953 -0.0000 0.0000 0.0000 7.1188 -24.8174 1.5682 38.4743 43.1971 -15.7318 -0.0000 0.0000 0.0000
0.1703 30.0231 -0.0593 -104.1044 11.9393 62.0973 -0.0000 0.0000 0.0000 -0.0000 0.0000 0.0000 19.4058 15.5070 -2.6673 -0.0000 0.0000 0.0000 -153.9084 40.8031 -9.8511 78.9235 41.6927 49.6471 -0.0000 0.0000 0.0000 30.1955 14.5929 50.7791 103.4592 -25.8523 -20.5261 -0.0000 0.0000 0.0000 -5.6071 -30.7738 -1.5442 41.2588 20.7750 -7.8953 -0.0000 0.0000 0.0000 7.1188 -24.8174 1.5682 38.4743 43.1971 -15.7318 -0.0000 0.0000 0.0000
0.1703 30.0231 -0.0593 -104.1044 11.9393 62.0973 -0.0000 0.0000 0.0000 -0.0000 0.0000 0.0000 19.4058 15.5070 -2.6673 -0.0000 0.0000 0.0000 -153.9084 40.8031 -9.8511 78.9235 41.6927 49.6471 -0.0000 0.0000 0.0000 30.1955 14.5929 50.7791 103.4592 -25.8523 -20.5261 -0.0000 0.0000 0.0000 -5.6071 -30.7738 -1.5442 41.2588 20.7750 -7.8953 -0.0000 0.0000 0.0000 7.1188 -24.8174 1.5682 38.4743 43.1971 -15.7318 -0.0000 0.0000 0.0000
0.1703 30.0231 -0.0593 -104.1044 11.9393 62.0973 -0.0000 0.0000 0.0000 -0.0000 0.0000 0.0000 19.4058 15.5070 -2.6673 -0.0000 0.0000 0.0000 -153.9084 40.8031 -9.8511 78.9235 41.6927 49.6471 -0.0000 0.0000 0.0000 30.1955 14.5929 50.7791 103.4592 -25.8523 -20.5261 -0.0000 0.0000 0.0000 -5.6071 -30.7738 -1.5442 41.2588 20.7750 -7.8953 -0.0000 0.0000 0.0000 7.1188 -24.8174 1.5682 38.4743 43.1971 -15.7318 -0.0000 0.0000 0.0000
0.1703 30.0231 -0.0593 -104.1044 11.9393 62.0973 -0.0000 0.0000 0.0000 -0.0000 0.0000 0.0000 19.4058 15.5070 -2.6673 -0.0000 0.0000 0.0000 -153.9084 40.8031 -9.8511 78.9235 41.6927 49.6471 -0.0000 0.0000 0.0000 30.1955 14.5929 50.7791 103.4592 -25.8523 -20.5261 -0.0000 0.0000 0.0000 -5.6071 -30.7738 -1.5442 41.2588 20.7750 -7.8953 -0.0000 0.0000 0.0000 7.1188 -24.8174 1.5682 38.4743 43.1971 -15.7318 -0.0000 0.0000 0.0000
0.1703 30.0231 -0.0593 -104.1044 11.9393 62.0973 -0.0000 0.0000 0.0000 -0.0000 0.0000 0.0000 19.4058 15.5070 -2.6673 -0.0000 0.0000 0.0000 -153.9084 40.8031 -9.8511 78.9235 41.6927 49.6471 -0.0000 0.0000 0.0000 30.1955 14.5929 50.7791 103.4592 -25.8523 -20.5261 -0.0000 0.0000 0.0000 -5.6071 -30.7738 -1.5442 41.2588 20.7750 -7.8953 -0.0000 0.0000 0.0000 7.1188 -24.8174 1.5682 38.4743 43.1971 -15.7318 -0.0000 0.0000 0.0000
0.1703 30.0231 -0.0593 -104.1044 11.9393 62.0973 -0.0000 0.0000 0.0000 -0.0000 0.0000 0.0000 19.4058 15.5070 -2.6673 -0.0000 0.0000 0.0000 -153.9084 40.8031 -9.8511 78.9235 41.6927 49.6471 -0.0000 0.0000 0.0000 30.1955 14.5929 50.7791 103.4592 -25.8523 -20.5261 -0.0000 0.0000 0.0000 -5.6071 -30.7738 -1.5442 41.2588 20.7750 -7.8953 -0.0000 0.0000 0.0000 7.1188 -24.8174 1.5682 38.4743 43.1971 -15.7318 -0.0000 0.0000 0.0000
0.1703 30.0231 -0.0593 -104.1044 11.9393 62.0973 -0.0000 0.0000 0.0000 -0.0000 0.0000 0.0000 19.4058 15.5070 -2.6673 -0.0000 0.0000 0.0000 -153.9084 40.8031 -9.8511 78.9235 41.6927 49.6471 -0.0000 0.0000 0.0000 30.1955 14.5929 50.7791 103.4592 -25.8523 -20.5261 -0.0000 0.0000 0.0000 -5.6071 -30.7738 -1.5442 41.2588 20.7750 -7.8953 -0.0000 0.0000 0.0000 7.1188 -24.8174 1.5682 38.4743 43.1971 -15.7318 -0.0000 0.0000 0.0000
0.1703 30.0231 -0.0593 -104.1044 11.9393 62.0973 -0.0000 0.0000 0.0000 -0.0000 0.0000 0.0000 19.4058 15.5070 -2.6673 -0.0000 0.0000 0.0000 -153.9084 40.8031 -9.8511 78.9235 41.6927 49.6471 -0.0000 0.0000 0.0000 30.1955 14.5929 50.7791 103.4592 -25.8523 -20.5261 -0.0000 0.0000 0.0000 -5.6071 -30.7738 -1.5442 41.2588 20.7750 -7.8953 -0.0000 0.0000 0.0000 7.1188 -24.8174 1.5682 38.4743 43.1971 -15.7318 -0.0000 0.0000 0.0000
0.1703 30.0231 -0.0593 -104.1044 11.9393 62.0973 -0.0000 0.0000 0.0000 -0.0000 0.0000 0.0000 19.4058 15.5070 -2.6673 -0.0000 0.0000 0.0000 -153.9084 40.8031 -9.8511 78.9235 41.6927 49.6471 -0.0000 0.0000 0.0000 30.1955 14.5929 50.7791 103.4592 -25.8523 -20.5261 -0.0000 0.0000 0.0000 -5.6071 -30.7738 -1.5442 41.2588 20.7750 -7.8953 -0.0000 0.0000 0.0000 7.1188 -24.8174 1.5682 38.4743 43.1971 -15.7318 -0.0000 0.0000 0.0000
0.1703 30.0231 -0.0593 -104.1044 11.9393 62.0973 -0.0000 0.0000 0.0000 -0.0000 0.0000 0.0000 19.4058 15.5070 -2.6673 -0.0000 0.0000 0.0000 -153.9084 40.8031 -9.8511 78.9235 41.6927 49.6471 -0.0000 0.0000 0.0000 30.1955 14.5929 50.7791 103.4592 -25.8523 -20.5261 -0.0000 0.0000 0.0000 -5.6071 -30.7738 -1.5442 41.2588 20.7750 -7.8953 -0.0000 0.0000 0.0000 7.1188 -24.8174 1.5682 38.4743 43.1971 -15.7318 -0.0000 0.0000 0.0000
0.1703 30.0231 -0.0593 -104.1044 11.9393 62.0973 -0.0000 0.0000 0.0000 -0.0000 0.0000 0.0000 19.4058 15.5070 -2.6673 -0.0000 0.0000 0.0000 -153.9084 40.8031 -9.8511 78.9235 41.6927 49.6471 -0.0000 0.0000 0.0000 30.1955 14.5929 50.7791 103.4592 -25.8523 -20.5261 -0.0000 0.0000 0.0000 -5.6071 -30.7738 -1.5442 41.2588 20.7750 -7.8953 -0.0000 0.0000 0.0000 7.1188 -24.8174 1.5682 38.4743 43.1971 -15.7318 -0.0000 0.0000 0.0000
0.1703 30.0231 -0.0593 -104.1044 11.9393 62.0973 -0.0000 0.0000 0.0000 -0.0000 0.0000 0.0000 19.4058 15.5070 -2.6673 -0.0000 0.0000 0.0000 -153.9084 40.8031 -9.8511 78.9235 41.6927 49.6471 -0.0000 0.0000 0.0000 30.1955 14.5929 50.7791 103.4592 -25.8523 -20.5261 -0.0000 0.0000 0.0000 -5.6071 -30.7738 -1.5442 41.2588 20.7750 -7.8953 -0.0000 0.0000 0.0000 7.1188 -24.8174 1.5682 38.4743 43.1971 -15.7318 -0.0000 0.0000 0.0000
0.1703 30.0231 -0.0593 -104.1044 11.9393 62.0973 -0.0000 0.0000 0.0000 -0.0000 0.0000 0.0000 19.4058 15.5070 -2.6673 -0.0000 0.0000 0.0000 -153.9084 40.8031 -9.8511 78.9235 41.6927 49.6471 -0.0000 0.0000 0.0000 30.1955 14.5929 50.7791 103.4592 -25.8523 -20.5261 -0.0000 0.0000 0.0000 -5.6071 -30.7738 -1.5442 41.2588 20.7750 -7.8953 -0.0000 0.0000 0.0000 7.1188 -24.8174 1.5682 38.4743 43.1971 -15.7318 -0.0000 0.0000 0.0000
0.1703 30.0231 -0.0593 -104.1044 11.9393 62.0973 -0.0000 0.0000 0.0000 -0.0000 0.0000 0.0000 19.4058 15.5070 -2.6673 -0.0000 0.0000 0.0000 -153.9084 40.8031 -9.8511 78.9235 41.6927 49.6471 -0.0000 0.0000 0.0000 30.1955 14.5929 50.7791 103.4592 -25.8523 -20.5261 -0.0000 0.0000 0.0000 -5.6071 -30.7738 -1.5442 41.2588 20.7750 -7.8953 -0.0000 0.0000 0.0000 7.1188 -24.8174 1.5682 38.4743 43.1971 -15.7318 -0.0000 0.0000 0.0000
0.1703 30.0231 -0.0593 -104.1044 11.9393 62.0973 -0.0000 0.0000 0.0000 -0.0000 0.0000 0.0000 19.4058 15.5070 -2.6673 -0.0000 0.0000 0.0000 -153.9084 40.8031 -9.8511 78.9235 41.6927 49.6471 -0.0000 0.0000 0.0000 30.1955 14.5929 50.7791 103.4592 -25.8523 -20.5261 -0.0000 0.0000 0.0000 -5.6071 -30.7738 -1.5442 41.2588 20.7750 -7.8953 -0.0000 0.0000 0.0000 7.1188 -24.8174 1.5682 38.4743 43.1971 -15.7318 -0.0000 0.0000 0.0000
0.1703 30.0231 -0.0593 -104.1044 11.9393 62.0973 -0.0000 0.0000 0.0000 -0.0000 0.0000 0.0000 19.4058 15.5070 -2.6673 -0.0000 0.0000 0.0000 -153.9084 40.8031 -9.8511 78.9235 41.6927 49.6471 -0.0000 0.0000 0.0000 30.1955 14.5929 50.7791 103.4592 -25.8523 -20.5261 -0.0000 0.0000 0.0000 -5.6071 -30.7738 -1.5442 41.2588 20.7750 -7.8953 -0.0000 0.0000 0.0000 7.1188 -24.8174 1.5682 38.4743 43.1971 -15.7318 -0.0000 0.0000 0.0000
0.1703 30.0231 -0.0593 -104.1044 11.9393 62.0973 -0.0000 0.0000 0.0000 -0.0000 0.0000 0.0000 19.4058 15.5070 -2.6673 -0.0000 0.0000 0.0000 -153.9084 40.8031 -9.8511 78.9235 41.6927 49.6471 -0.0000 0.0000 0.0000 30.1955 14.5929 50.7791 103.4592 -25.8523 -20.5261 -0.0000 0.0000 0.0000 -5.6071 -30.7738 -1.5442 41.2588 20.7750 -7.8953 -0.0000 0.0000 0.0000 7.1188 -24.8174 1.5682 38.4743 43.1971 -15.7318 -0.0000 0.0000 0.0000
0.1703 30.0231 -0.0593 -104.1044 11.9393 62.0973 -0.0000 0.0000 0.0000 -0.0000 0.0000 0.0000 19.4058 15.5070 -2.6673 -0.0000 0.0000 0.0000 -153.9084 40.8031 -9.8511 78.9235 41.6927 49.6471 -0.0000 0.0000 0.0000 30.1955 14.5929 50.7791 103.4592 -25.8523 -20.5261 -0.0000 0.0000 0.0000 -5.6071 -30.7738 -1.5442 41.2588 20.7750 -7.8953 -0.0000 0.0000 0.0000 7.1188 -24.8174 1.5682 38.4743 43.1971 -15.7318 -0.0000 0.0000 0.0000
0.1703 30.0231 -0.0593 -104.1044 11.9393 62.0973 -0.0000 0.0000 0.0000 -0.0000 0.0000 0.0000 19.4058 15.5070 -2.6673 -0.0000 0.0000 0.0000 -153.9084 40.8031 -9.8511 78.9235 41.6927 49.6471 -0.0000 0.0000 0.0000 30.1955 14.5929 50.7791 103.4592 -25.8523 -20.5261 -0.0000 0.0000 0.0000 -5.6071 -30.7738 -1.5442 41.2588 20.7750 -7.8953 -0.0000 0.0000 0.0000 7.1188 -24.8174 1.5682 38.4743 43.1971 -15.7318 -0.0000 0.0000 0.0000
0.1703 30.0231 -0.0593 -104.1044 11.9393 62.0973 -0.0000 0.0000 0.0000 -0.0000 0.0000 0.0000 19.4058 15.5070 -2.6673 -0.0000 0.0000 0.0000 -153.9084 40.8031 -9.8511 78.9235 41.6927 49.6471 -0.0000 0.0000 0.0000 30.1955 14.5929 50.7791 103.4592 -25.8523 -20.5261 -0.0000 0.0000 0.0000 -5.6071 -30.7738 -1.5442 41.2588 20.7750 -7.8953 -0.0000 0.0000 0.0000 7.1188 -24.8174 1.5682 38.4743 43.1971 -15.7318 -0.0000 0.0000 0.0000
0.1703 30.0231 -0.0593 -104.1044 11.9393 62.0973 -0.0000 0.0000 0.0000 -0.0000 0.0000 0.0000 19.4058 15.5070 -2.6673 -0.0000 0.0000 0.0000 -153.9084 40.8031 -9.8511 78.9235 41.6927 49.6471 -0.0000 0.0000 0.0000 30.1955 14.5929 50.7791 103.4592 -25.8523 -20.5261 -0.0000 0.0000 0.0000 -5.6071 -30.7738 -1.5442 41.2588 20.7750 -7.8953 -0.0000 0.0000 0.0000 7.1188 -24.8174 1.5682 38.4743 43.1971 -15.7318 -0.0000 0.0000 0.0000
0.1703 30.0231 -0.0593 -104.1044 11.9393 62.0973 -0.0000 0.0000 0.0000 -0.0000 0.0000 0.0000 19.4058 15.5070 -2.6673 -0.0000 0.0000 0.0000 -153.9084 40.8031 -9.8511 78.9235 41.6927 49.6471 -0.0000 0.0000 0.0000 30.1955 14.5929 50.7791 103.4592 -25.8523 -20.5261 -0.0000 0.0000 0.0000 -5.6071 -30.7738 -1.5442 41.2588 20.7750 -7.8953 -0.0000 0.0000 0.0000 7.1188 -24.8174 1.5682 38.4743 43.1971 -15.7318 -0.0000 0.0000 0.0000
0.1703 30.0231 -0.0593 -104.1044 11.9393 62.0973 -0.0000 0.0000 0.0000 -0.0000 0.0000 0.0000 19.4058 15.5070 -2.6673 -0.0000 0.0000 0.0000 -153.9084 40.8031 -9.8511 78.9235 41.6927 49.6471 -0.0000 0.0000 0.0000 30.1955 14.5929 50.7791 103.4592 -25.8523 -20.5261 -0.0000 0.0000 0.0000 -5.6071 -30.7738 -1.5442 41.2588 20.7750 -7.8953 -0.0000 0.0000 0.0000 7.1188 -24.8174 1.5682 38.4743 43.1971 -15.7318 -0.0000 0.0000 0.0000
0.1703 30.0231 -0.0593 -104.1044 11.9393 62.0973 -0.0000 0.0000 0.0000 -0.0000 0.0000 0.0000 19.4058 15.5070 -2.6673 -0.0000 0.0000 0.0000 -153.9084 40.8031 -9.8511 78.9235 41.6927 49.6471 -0.0000 0.0000 0.0000 30.1955 14.5929 50.7791 103.4592 -25.8523 -20.5261 -0.0000 0.0000 0.0000 -5.6071 -30.7738 -1.5442 41.2588 20.7750 -7.8953 -0.0000 0.0000 0.0000 7.1188 -24.8174 1.5682 38.4743 43.1971 -15.7318 -0.0000 0.0000 0.0000
0.1703 30.0231 -0.0593 -104.1044 11.9393 62.0973 -0.0000 0.0000 0.0000 -0.0000 0.0000 0.0000 19.4058 15.5070 -2.6673 -0.0000 0.0000 0.0000 -153.9084 40.8031 -9.8511 78.9235 41.6927 49.6471 -0.0000 0.0000 0.0000 30.1955 14.5929 50.7791 103.4592 -25.8523 -20.5261 -0.0000 0.0000 0.0000 -5.6071 -30.7738 -1.5442 41.2588 20.7750 -7.8953 -0.0000 0.0000 0.0000 7.1188 -24.8174 1.5682 38.4743 43.1971 -15.7318 -0.0000 0.0000 0.0000
0.1703 30.0231 -0.0593 -104.1044 11.9393 62.0973 -0.0000 0.0000 0.0000 -0.0000 0.0000 0.0000 19.4058 15.5070 -2.6673 -0.0000 0.0000 0.0000 -153.9084 40.8031 -9.8511 78.9235 41.6927 49.6471 -0.0000 0.0000 0.0000 30.1955 14.5929 50.7791 103.4592 -25.8523 -20.5261 -0.0000 0.0000 0.0000 -5.6071 -30.7738 -1.5442 41.2588 20.7750 -7.8953 -0.0000 0.0000 0.0000 7.1188 -24.8174 1.5682 38.4743 43.1971 -15.7318 -0.0000 0.0000 0.0000
0.1703 30.0231 -0.0593 -104.1044 11.9393 62.0973 -0.0000 0.0000 0.0000 -0.0000 0.0000 0.0000 19.4058 15.5070 -2.6673 -0.0000 0.0000 0.0000 -153.9084 40.8031 -9.8511 78.9235 41.6927 49.6471 -0.0000 0.0000 0.0000 30.1955 14.5929 50.7791 103.4592 -25.8523 -20.5261 -0.0000 0.0000 0.0000 -5.6071 -30.7738 -1.5442 41.2588 20.7750 -7.8953 -0.0000 0.0000 0.0000 7.1188 -24.8174 1.5682 38.4743 43.1971 -15.7318 -0.0000 0.0000 0.0000
0.1703 30.0231 -0.0593 -104.1044 11.9393 62.0973 -0.0000 0.0000 0.0000 -0.0000 0.0000 0.0000 19.4058 15.5070 -2.6673 -0.0000 0.0000 0.0000 -153.9084 40.8031 -9.8511 78.9235 41.6927 49.6471 -0.0000 0.0000 0.0000 30.1955 14.5929 50.7791 103.4592 -25.8523 -20.5261 -0.0000 0.0000 0.0000 -5.6071 -30.7738 -1.5442 41.2588 20.7750 -7.8953 -0.0000 0.0000 0.0000 7.1188 -24.8174 1.5682 38.4743 43.1971 -15.7318 -0.0000 0.0000 0.0000
0.1703 30.0231 -0.0593 -104.1044 11.9393 62.0973 -0.0000 0.0000 0.0000 -0.0000 0.0000 0.0000 19.4058 15.5070 -2.6673 -0.0000 0.0000 0.0000 -153.9084 40.8031 -9.8511 78.9235 41.6927 49.6471 -0.0000 0.0000 0.0000 30.1955 14.5929 50.7791 103.4592 -25.8523 -20.5261 -0.0000 0.0000 0.0000 -5.6071 -30.7738 -1.5442 41.2588 20.7750 -7.8953 -0.0000 0.0000 0.0000 7.1188 -24.8174 1.5682 38.4743 43.1971 -15.7318 -0.0000 0.0000 0.0000
0.1703 30.0231 -0.0593 -104.1044 11.9393 62.0973 -0.0000 0.0000 0.0000 -0.0000 0.0000 0.0000 19.4058 15.5070 -2.6673 -0.0000 0.0000 0.0000 -153.9084 40.8031 -9.8511 78.9235 41.6927 49.6471 -0.0000 0.0000 0.0000 30.1955 14.5929 50.7791 103.4592 -25.8523 -20.5261 -0.0000 0.0000 0.0000 -5.6071 -30.7738 -1.5442 41.2588 20.7750 -7.8953 -0.0000 0.0000 0.0000 7.1188 -24.8174 1.5682 38.4743 43.1971 -15.7318 -0.0000 0.0000 0.0000
0.1703 30.0231 -0.0593 -104.1044 11.9393 62.0973 -0.0000 0.0000 0.0000 -0.0000 0.0000 0.0000 19.4058 15.5070 -2.6673 -0.0000 0.0000 0.0000 -153.9084 40.8031 -9.8511 78.9235 41.6927 49.6471 -0.0000 0.0000 0.0000 30.1955 14.5929 50.7791 103.4592 -25.8523 -20.5261 -0.0000 0.0000 0.0000 -5.6071 -30.7738 -1.5442 41.2588 20.7750 -7.8953 -0.0000 0.0000 0.0000 7.1188 -24.8174 1.5682 38.4743 43.1971 -15.7318 -0.0000 0.0000 0.0000
0.1703 30.0231 -0.0593 -104.1044 11.9393 62.0973 -0.0000 0.0000 0.0000 -0.0000 0.0000 0.0000 19.4058 15.5070 -2.6673 -0.0000 0.0000 0.0000 -153.9084 40.8031 -9.8511 78.9235 41.6927 49.6471 -0.0000 0.0000 0.0000 30.1955 14.5929 50.7791 103.4592 -25.8523 -20.5261 -0.0000 0.0000 0.0000 -5.6071 -30.7738 -1.5442 41.2588 20.7750 -7.8953 -0.0000 0.0000 0.0000 7.1188 -24.8174 1.5682 38.4743 43.1971 -15.7318 -0.0000 0.0000 0.0000
0.1703 30.0231 -0.0593 -104.1044 11.9393 62.0973 -0.0000 0.0000 0.0000 -0.0000 0.0000 0.0000 19.4058 15.5070 -2.6673 -0.0000 0.0000 0.0000 -153.9084 40.8031 -9.8511 78.9235 41.6927 49.6471 -0.0000 0.0000 0.0000 30.1955 14.5929 50.7791 103.4592 -25.8523 -20.5261 -0.0000 0.0000 0.0000 -5.6071 -30.7738 -1.5442 41.2588 20.7750 -7.8953 -0.0000 0.0000 0.0000 7.1188 -24.8174 1.5682 38.4743 43.1971 -15.7318 -0.0000 0.0000 0.0000
0.1703 30.0231 -0.0593 -104.1044 11.9393 62.0973 -0.0000 0.0000 0.0000 -0.0000 0.0000 0.0000 19.4058 15.5070 -2.6673 -0.0000 0.0000 0.0000 -153.9084 40.8031 -9.8511 78.9235 41.6927 49.6471 -0.0000 0.0000 0.0000 30.1955 14.5929 50.7791 103.4592 -25.8523 -20.5261 -0.0000 0.0000 0.0000 -5.6071 -30.7738 -1.5442 41.2588 20.7750 -7.8953 -0.0000 0.0000 0.0000 7.1188 -24.8174 1.5682 38.4743 43.1971 -15.7318 -0.0000 0.0000 0.0000
0.1703 30.0231 -0.0593 -104.1044 11.9393 62.0973 -0.0000 0.0000 0.0000 -0.0000 0.0000 0.0000 19.4058 15.5070 -2.6673 -0.0000 0.0000 0.0000 -153.9084 40.8031 -9.8511 78.9235 41.6927 49.6471 -0.0000 0.0000 0.0000 30.1955 14.5929 50.7791 103.4592 -25.8523 -20.5261 -0.0000 0.0000 0.0000 -5.6071 -30.7738 -1.5442 41.2588 20.7750 -7.8953 -0.0000 0.0000 0.0000 7.1188 -24.8174 1.5682 38.4743 43.1971 -15.7318 -0.0000 0.0000 0.0000
0.1703 30.0231 -0.0593 -104.1044 11.9393 62.0973 -0.0000 0.0000 0.0000 -0.0000 0.0000 0.0000 19.4058 15.5070 -2.6673 -0.0000 0.0000 0.0000 -153.9084 40.8031 -9.8511 78.9235 41.6927 49.6471 -0.0000 0.0000 0.0000 30.1955 14.5929 50.7791 103.4592 -25.8523 -20.5261 -0.0000 0.0000 0.0000 -5.6071 -30.7738 -1.5442 41.2588 20.7750 -7.8953 -0.0000 0.0000 0.0000 7.1188 -24.8174 1.5682 38.4743 43.1971 -15.7318 -0.0000 0.0000 0.0000
